super,hall,kind,index,p00,p01,p02,p10,p11,p12,p20,p21,p22,s0,s1,s2
1,1,k,2,-24,0,0,0,0,-48,0,-24,0,0,0,0
1,1,k,2,0,-24,-24,0,24,-24,24,0,0,0,0,0
1,1,k,2,0,0,48,24,0,0,0,24,0,0,0,0
1,1,k,2,0,24,24,-24,0,0,0,-24,24,0,0,0
1,1,k,2,24,0,0,0,-24,-24,0,24,-24,0,0,0
1,1,k,2,24,0,0,0,24,0,0,0,48,0,0,0
1,1,k,2,24,24,-24,-24,24,0,0,0,24,0,0,0
1,1,k,3,-24,-24,24,24,0,24,0,24,24,0,0,0
1,1,k,3,-24,0,0,0,-24,-48,0,-24,24,0,0,0
1,1,k,3,-24,0,0,0,-24,48,0,24,24,0,0,0
1,1,k,3,-24,0,0,0,0,-72,0,-24,0,0,0,0
1,1,k,3,0,-24,-48,0,-24,24,-24,0,0,0,0,0
1,1,k,3,0,-24,48,0,24,24,-24,0,0,0,0,0
1,1,k,3,0,0,72,24,0,0,0,24,0,0,0,0
1,1,k,3,0,24,-48,24,0,0,0,-24,-24,0,0,0
1,1,k,3,0,24,48,24,0,0,0,24,-24,0,0,0
1,1,k,3,24,0,0,0,24,0,0,0,72,0,0,0
1,1,k,3,24,0,24,24,-24,-24,0,24,-24,0,0,0
1,1,k,3,24,24,-24,-24,0,-24,0,24,24,0,0,0
1,1,k,3,24,24,-24,24,0,24,0,-24,-24,0,0,0
2,1,t,2,24,0,0,0,24,0,0,0,24,0,0,0
2,2,k,2,-24,0,0,0,0,-48,0,-24,0,0,-12,0
2,2,k,2,-24,0,0,0,0,-48,0,-24,0,0,0,0
2,2,k,2,0,-24,-24,0,24,-24,24,0,0,-12,0,0
2,2,k,2,0,-24,-24,0,24,-24,24,0,0,0,0,0
2,2,k,2,0,0,48,24,0,0,0,24,0,0,0,0
2,2,k,2,0,0,48,24,0,0,0,24,0,12,0,0
2,2,k,2,0,24,24,-24,0,0,0,-24,24,0,0,0
2,2,k,2,0,24,24,-24,0,0,0,-24,24,12,0,0
2,2,k,2,24,0,0,0,-24,-24,0,24,-24,0,-12,0
2,2,k,2,24,0,0,0,-24,-24,0,24,-24,0,0,0
2,2,k,2,24,0,0,0,24,0,0,0,48,0,0,0
2,2,k,2,24,0,0,0,24,0,0,0,48,0,0,12
2,2,k,2,24,24,-24,-24,24,0,0,0,24,0,0,0
2,2,k,2,24,24,-24,-24,24,0,0,0,24,12,0,0
2,2,k,3,-24,-24,24,24,0,24,0,24,24,0,0,0
2,2,k,3,-24,0,0,0,-24,-48,0,-24,24,0,0,0
2,2,k,3,-24,0,0,0,-24,48,0,24,24,0,0,0
2,2,k,3,-24,0,0,0,0,-72,0,-24,0,0,0,0
2,2,k,3,0,-24,-48,0,-24,24,-24,0,0,0,0,0
2,2,k,3,0,-24,48,0,24,24,-24,0,0,0,0,0
2,2,k,3,0,0,72,24,0,0,0,24,0,0,0,0
2,2,k,3,0,24,-48,24,0,0,0,-24,-24,0,0,0
2,2,k,3,0,24,48,24,0,0,0,24,-24,0,0,0
2,2,k,3,24,0,0,0,24,0,0,0,72,0,0,0
2,2,k,3,24,0,24,24,-24,-24,0,24,-24,0,0,0
2,2,k,3,24,24,-24,-24,0,-24,0,24,24,0,0,0
2,2,k,3,24,24,-24,24,0,24,0,-24,-24,0,0,0
3,1,t,2,24,0,0,0,-24,0,0,0,-24,0,0,0
3,3,k,2,-24,0,0,0,-24,0,0,0,48,0,0,0
3,3,k,2,-24,0,0,0,-24,0,0,0,48,0,0,12
3,3,k,2,0,0,48,0,24,0,-24,0,0,0,0,0
3,3,k,2,0,0,48,0,24,0,-24,0,0,12,0,0
3,3,k,2,24,0,0,0,-48,0,0,0,-24,0,0,0
3,3,k,2,24,0,24,0,24,0,-24,0,24,0,0,0
3,3,k,2,24,0,24,0,24,0,-24,0,24,12,0,0
3,3,k,3,-24,0,0,0,-24,0,0,0,72,0,0,0
3,3,k,3,-24,0,48,0,-24,0,24,0,24,48,0,24
3,3,k,3,0,0,72,0,24,0,-24,0,0,0,0,0
3,3,k,3,24,0,-48,0,24,0,24,0,24,0,0,0
3,3,k,3,24,0,0,0,-72,0,0,0,-24,0,0,0
3,6,k,2,24,0,0,0,-48,0,0,0,-24,0,0,0
3,9,k,2,-48,0,0,0,-48,0,0,0,24,-36,-12,0
3,9,k,2,-48,0,0,0,-48,0,0,0,24,0,0,0
3,9,k,2,0,0,24,0,48,0,-48,0,0,0,0,0
3,9,k,2,0,0,24,0,48,0,-48,0,0,0,12,-36
3,9,k,2,48,0,-24,0,48,0,0,0,24,0,0,0
3,9,k,2,48,0,-24,0,48,0,0,0,24,36,12,0
4,1,t,2,24,0,0,0,-24,0,0,0,-24,0,0,0
4,6,k,2,-24,0,0,0,-24,0,0,0,48,0,0,0
4,6,k,2,-24,0,0,0,-24,0,0,0,48,0,0,12
4,6,k,2,0,0,48,0,24,0,-24,0,0,0,0,0
4,6,k,2,0,0,48,0,24,0,-24,0,0,12,0,0
4,6,k,2,24,0,24,0,24,0,-24,0,24,0,0,0
4,6,k,2,24,0,24,0,24,0,-24,0,24,12,0,0
4,6,k,3,-24,0,0,0,-24,0,0,0,72,0,0,0
4,6,k,3,-24,0,48,0,-24,0,24,0,24,48,0,24
4,6,k,3,0,0,72,0,24,0,-24,0,0,0,0,0
4,6,k,3,24,0,-48,0,24,0,24,0,24,0,12,0
4,6,k,3,24,0,0,0,-72,0,0,0,-24,0,0,0
5,1,t,2,-12,-12,0,12,-12,0,0,0,24,0,0,0
5,3,k,2,-24,0,0,0,-24,0,0,0,24,0,0,0
5,6,k,2,-24,0,0,0,-24,0,0,0,24,-6,0,0
5,9,k,2,-24,0,0,0,-24,0,0,0,48,0,0,0
5,9,k,2,-24,0,0,0,-24,0,0,0,48,0,0,12
5,9,k,2,24,0,-24,0,-24,0,-48,0,0,0,-24,0
5,9,k,2,24,0,-24,0,-24,0,-48,0,0,12,-6,-36
5,9,k,3,-24,0,-24,0,-24,0,-48,0,24,-24,0,24
5,9,k,3,-24,0,-24,0,24,0,48,0,-24,-24,0,48
5,9,k,3,-24,0,0,0,-72,0,0,0,24,0,0,0
5,9,k,3,-24,0,0,0,-24,0,0,0,72,0,0,0
5,9,k,3,72,0,0,0,-24,0,0,0,-24,72,-24,0
6,1,t,2,24,0,0,0,-24,0,0,0,-24,0,0,0
6,18,k,2,-24,0,0,0,-24,0,0,0,48,0,0,0
6,18,k,2,0,0,48,0,24,0,-24,0,0,0,0,0
6,18,k,2,24,0,0,0,-48,0,0,0,-24,0,-12,0
6,18,k,2,24,0,0,0,-48,0,0,0,-24,0,0,0
6,18,k,2,24,0,24,0,24,0,-24,0,24,0,0,0
6,18,k,3,-24,0,0,0,-24,0,0,0,72,0,0,0
6,18,k,3,-24,0,48,0,-24,0,24,0,24,0,0,0
6,18,k,3,-24,0,48,0,24,0,-24,0,-24,0,0,0
6,18,k,3,0,0,72,0,24,0,-24,0,0,0,0,0
6,18,k,3,24,0,0,0,-72,0,0,0,-24,0,0,0
6,21,k,2,-24,0,0,0,-24,0,0,0,48,0,0,0
6,21,k,2,0,0,48,0,24,0,-24,0,0,0,0,0
6,21,k,2,24,0,-48,0,-24,0,-24,0,0,0,0,0
6,30,k,2,-48,0,0,0,-48,0,0,0,24,-36,-12,0
6,30,k,2,-48,0,0,0,-48,0,0,0,24,0,0,0
6,30,k,2,0,0,24,0,48,0,-48,0,0,0,0,-48
6,30,k,2,0,0,24,0,48,0,-48,0,0,0,12,-36
6,30,k,2,48,0,-24,0,48,0,0,0,24,0,0,0
6,30,k,2,48,0,-24,0,48,0,0,0,24,36,12,0
7,1,t,2,24,0,0,0,-24,0,0,0,-24,0,0,0
7,21,k,2,0,0,-48,0,-24,0,-24,0,24,0,0,0
7,21,k,2,24,0,0,0,-48,0,0,0,-24,0,-12,0
7,21,k,2,24,0,0,0,-48,0,0,0,-24,0,0,0
7,21,k,2,48,0,0,0,-24,0,0,0,-24,0,0,0
7,21,k,3,-24,0,0,0,-24,0,0,0,72,0,0,0
7,21,k,3,-24,0,48,0,-24,0,24,0,24,0,0,0
7,21,k,3,-24,0,48,0,24,0,-24,0,-24,0,0,0
7,21,k,3,24,0,0,0,-72,0,0,0,-24,0,0,0
7,21,k,3,72,0,0,0,-24,0,0,0,-24,0,0,0
7,39,k,2,-48,0,0,0,-48,0,0,0,24,-36,-12,0
7,39,k,2,-48,0,0,0,-48,0,0,0,24,0,0,0
8,1,t,2,-12,-12,0,12,-12,0,0,0,24,0,0,0
8,18,k,2,-24,0,0,0,-24,0,0,0,24,0,0,0
8,21,k,2,0,0,-24,0,24,0,24,0,0,0,6,0
8,30,k,2,-24,0,0,0,-24,0,0,0,48,0,0,0
8,30,k,2,24,0,-24,0,-24,0,-48,0,0,0,0,0
8,30,k,3,-72,0,0,0,-24,0,0,0,24,-72,0,0
8,30,k,3,-24,0,-24,0,-24,0,-48,0,24,0,0,0
8,30,k,3,-24,0,-24,0,24,0,48,0,-24,0,0,0
8,30,k,3,-24,0,0,0,-72,0,0,0,24,-24,0,0
8,30,k,3,-24,0,0,0,-24,0,0,0,72,0,0,0
8,39,k,2,-24,0,0,0,-24,0,0,0,48,0,0,0
8,39,k,2,24,0,-24,0,-24,0,-48,0,0,18,-6,-36
9,1,t,2,-12,-12,0,12,-12,0,0,0,24,0,0,0
9,21,k,2,-24,0,0,0,-24,0,0,0,24,0,0,0
9,21,k,2,-24,0,24,0,24,0,0,0,-24,0,6,0
9,39,k,3,-72,0,0,0,-24,0,0,0,24,-72,0,0
9,39,k,3,-24,0,-24,0,-24,0,-48,0,24,-18,-6,-36
9,39,k,3,-24,0,-24,0,24,0,48,0,-24,-18,6,36
9,39,k,3,-24,0,0,0,-72,0,0,0,24,-24,0,0
9,39,k,3,-24,0,0,0,-24,0,0,0,72,0,0,0
10,2,t,2,24,0,0,0,-24,0,0,0,-24,0,0,0
10,3,t,2,-24,0,0,0,-24,0,0,0,24,0,0,0
10,18,t,2,-24,0,0,0,-24,0,0,0,24,0,0,0
10,57,k,2,-24,0,0,0,-24,0,0,0,48,0,0,0
10,57,k,2,-24,0,0,0,-24,0,0,0,48,0,0,12
10,57,k,2,0,0,48,0,24,0,-24,0,0,0,0,0
10,57,k,2,0,0,48,0,24,0,-24,0,0,12,0,0
10,57,k,2,24,0,0,0,-48,0,0,0,-24,0,-12,0
10,57,k,2,24,0,0,0,-48,0,0,0,-24,0,0,0
10,57,k,2,24,0,24,0,24,0,-24,0,24,0,0,0
10,57,k,2,24,0,24,0,24,0,-24,0,24,12,0,0
10,57,k,3,-24,0,0,0,-24,0,0,0,72,0,0,0
10,57,k,3,-24,0,48,0,-24,0,24,0,24,48,0,24
10,57,k,3,0,0,72,0,24,0,-24,0,0,0,0,0
10,57,k,3,24,0,-48,0,24,0,24,0,24,0,0,0
10,57,k,3,24,0,0,0,-72,0,0,0,-24,0,0,0
10,60,k,2,24,0,0,0,-48,0,0,0,-24,0,-12,0
10,60,k,2,24,0,0,0,-48,0,0,0,-24,0,0,0
10,63,k,2,-48,0,0,0,-48,0,0,0,24,-36,-12,0
10,63,k,2,-48,0,0,0,-48,0,0,0,24,-24,-12,0
10,63,k,2,-48,0,0,0,-48,0,0,0,24,-12,0,0
10,63,k,2,-48,0,0,0,-48,0,0,0,24,0,0,0
10,63,k,2,0,0,24,0,48,0,-48,0,0,0,0,-12
10,63,k,2,0,0,24,0,48,0,-48,0,0,0,0,0
10,63,k,2,0,0,24,0,48,0,-48,0,0,0,12,-36
10,63,k,2,0,0,24,0,48,0,-48,0,0,0,12,-24
10,63,k,2,48,0,-24,0,48,0,0,0,24,0,0,0
10,63,k,2,48,0,-24,0,48,0,0,0,24,0,36,0
10,63,k,2,48,0,-24,0,48,0,0,0,24,12,0,0
10,63,k,2,48,0,-24,0,48,0,0,0,24,36,12,0
10,72,k,2,-24,0,0,0,-24,0,0,0,48,0,0,0
10,72,k,2,-24,0,0,0,-24,0,0,0,48,0,0,12
10,72,k,2,0,0,48,0,24,0,-24,0,0,0,0,0
10,72,k,2,0,0,48,0,24,0,-24,0,0,12,0,0
10,72,k,2,24,0,-48,0,-24,0,-24,0,0,-12,0,0
10,72,k,2,24,0,-48,0,-24,0,-24,0,0,0,0,0
11,2,t,2,24,0,0,0,-24,0,0,0,-24,0,0,0
11,6,t,2,-24,0,0,0,-24,0,0,0,24,0,0,0
11,18,t,2,-24,0,0,0,-24,0,0,0,24,0,-6,0
11,60,k,2,-24,0,0,0,-24,0,0,0,48,0,0,0
11,60,k,2,-24,0,0,0,-24,0,0,0,48,0,0,12
11,60,k,2,0,0,48,0,24,0,-24,0,0,0,0,0
11,60,k,2,0,0,48,0,24,0,-24,0,0,12,0,0
11,60,k,2,24,0,24,0,24,0,-24,0,24,0,0,0
11,60,k,2,24,0,24,0,24,0,-24,0,24,12,0,0
11,60,k,3,-24,0,0,0,-24,0,0,0,72,0,0,0
11,60,k,3,-24,0,48,0,-24,0,24,0,24,48,0,24
11,60,k,3,0,0,72,0,24,0,-24,0,0,0,0,0
11,60,k,3,24,0,-48,0,24,0,24,0,24,0,12,0
11,60,k,3,24,0,0,0,-72,0,0,0,-24,0,-12,0
11,81,k,2,-24,0,0,0,-24,0,0,0,48,0,0,0
11,81,k,2,-24,0,0,0,-24,0,0,0,48,0,0,12
11,81,k,2,0,0,48,0,24,0,-24,0,0,0,0,0
11,81,k,2,0,0,48,0,24,0,-24,0,0,12,0,0
11,81,k,2,24,0,-48,0,-24,0,-24,0,0,-12,0,0
11,81,k,2,24,0,-48,0,-24,0,-24,0,0,0,0,0
12,2,t,2,-12,-12,0,12,-12,0,0,0,24,0,0,0
12,9,t,2,-24,0,0,0,-24,0,0,0,24,0,0,0
12,30,t,2,-24,0,0,0,-24,0,0,0,24,0,0,0
12,57,k,2,-24,0,0,0,-24,0,0,0,24,0,0,0
12,60,k,2,-24,0,0,0,-24,0,0,0,24,-6,-6,0
12,63,k,2,-24,0,0,0,-24,0,0,0,48,0,0,0
12,63,k,2,-24,0,0,0,-24,0,0,0,48,0,0,12
12,63,k,2,24,0,-24,0,-24,0,-48,0,0,0,-24,0
12,63,k,2,24,0,-24,0,-24,0,-48,0,0,0,0,-12
12,63,k,3,-24,0,-24,0,-24,0,-48,0,24,0,0,0
12,63,k,3,-24,0,-24,0,24,0,48,0,-24,-48,0,24
12,63,k,3,-24,0,0,0,-72,0,0,0,24,0,0,0
12,63,k,3,-24,0,0,0,-24,0,0,0,72,0,0,0
12,63,k,3,72,0,0,0,-24,0,0,0,-24,0,0,0
12,72,k,2,0,0,-24,0,24,0,24,0,0,-6,6,0
12,81,k,2,0,0,-24,0,24,0,24,0,0,0,0,0
12,90,k,2,-24,0,0,0,-24,0,0,0,48,0,0,0
12,90,k,2,-24,0,0,0,-24,0,0,0,48,0,0,12
12,90,k,2,24,0,-24,0,-24,0,-48,0,0,6,-6,-24
12,90,k,2,24,0,-24,0,-24,0,-48,0,0,18,-6,-36
13,2,t,2,24,0,0,0,-24,0,0,0,-24,0,0,0
13,3,t,2,-24,0,0,0,-24,0,0,0,24,0,0,6
13,21,t,2,-24,0,0,0,-24,0,0,0,24,0,0,0
13,72,k,2,0,0,-48,0,-24,0,-24,0,24,-12,0,0
13,72,k,2,0,0,-48,0,-24,0,-24,0,24,0,0,0
13,72,k,2,24,0,0,0,-48,0,0,0,-24,0,-12,0
13,72,k,2,24,0,0,0,-48,0,0,0,-24,0,0,0
13,72,k,2,48,0,0,0,-24,0,0,0,-24,0,0,0
13,72,k,2,48,0,0,0,-24,0,0,0,-24,12,0,0
13,72,k,3,-24,0,0,0,-24,0,0,0,72,0,0,24
13,72,k,3,-24,0,48,0,-24,0,24,0,24,12,0,12
13,72,k,3,24,0,-48,0,24,0,24,0,24,0,0,24
13,72,k,3,24,0,0,0,-72,0,0,0,-24,0,0,0
13,72,k,3,72,0,0,0,-24,0,0,0,-24,0,0,0
13,81,k,2,24,0,0,0,-48,0,0,0,-24,0,-12,0
13,81,k,2,24,0,0,0,-48,0,0,0,-24,0,0,0
13,90,k,2,-48,0,0,0,-48,0,0,0,24,-36,-12,0
13,90,k,2,-48,0,0,0,-48,0,0,0,24,-24,-12,0
13,90,k,2,-48,0,0,0,-48,0,0,0,24,-12,0,0
13,90,k,2,-48,0,0,0,-48,0,0,0,24,0,0,0
14,2,t,2,24,0,0,0,-24,0,0,0,-24,0,0,0
14,6,t,2,-24,0,0,0,-24,0,0,0,24,0,0,6
14,21,t,2,-24,0,0,0,-24,0,0,0,24,0,-6,0
14,81,k,2,0,0,-48,0,-24,0,-24,0,24,-12,0,0
14,81,k,2,0,0,-48,0,-24,0,-24,0,24,0,0,0
14,81,k,2,48,0,0,0,-24,0,0,0,-24,0,0,0
14,81,k,2,48,0,0,0,-24,0,0,0,-24,12,0,0
14,81,k,3,-24,0,0,0,-24,0,0,0,72,0,0,24
14,81,k,3,-24,0,48,0,-24,0,24,0,24,12,0,12
14,81,k,3,24,0,-48,0,24,0,24,0,24,0,12,24
14,81,k,3,24,0,0,0,-72,0,0,0,-24,0,-12,0
14,81,k,3,72,0,0,0,-24,0,0,0,-24,0,0,0
15,2,t,2,-12,-12,0,12,-12,0,0,0,24,0,0,0
15,9,t,2,-24,0,0,0,-24,0,0,0,24,0,0,6
15,39,t,2,-24,0,0,0,-24,0,0,0,24,0,0,0
15,72,k,2,-24,0,0,0,-24,0,0,0,24,0,0,0
15,72,k,2,24,0,-24,0,24,0,0,0,24,6,6,12
15,81,k,2,-24,0,0,0,-24,0,0,0,24,-6,-6,0
15,81,k,2,24,0,-24,0,24,0,0,0,24,-12,12,12
15,90,k,3,-24,0,-24,0,-24,0,-48,0,24,-18,-6,-12
15,90,k,3,-24,0,-24,0,24,0,48,0,-24,-18,6,24
15,90,k,3,-24,0,0,0,-72,0,0,0,24,0,0,0
15,90,k,3,-24,0,0,0,-24,0,0,0,72,0,0,24
15,90,k,3,72,0,0,0,-24,0,0,0,-24,0,0,-12
16,3,t,2,0,-24,0,24,0,0,0,0,24,0,0,0
16,3,t,2,24,0,0,0,0,24,0,-24,0,0,0,0
16,3,t,2,24,0,0,0,24,0,0,0,24,0,0,0
16,108,k,2,-24,0,0,0,0,-48,0,-24,0,0,-12,0
16,108,k,2,-24,0,0,0,0,-48,0,-24,0,0,0,0
16,108,k,2,0,0,48,24,0,0,0,24,0,0,0,0
16,108,k,2,0,0,48,24,0,0,0,24,0,12,0,0
16,108,k,2,24,0,0,0,24,0,0,0,48,0,0,0
16,108,k,2,24,0,0,0,24,0,0,0,48,0,0,12
16,108,k,3,-24,0,0,0,0,-72,0,-24,0,0,0,0
16,108,k,3,0,0,72,24,0,0,0,24,0,0,0,24
16,108,k,3,24,0,0,0,24,0,0,0,72,0,0,0
16,109,k,2,-24,0,0,0,0,-48,0,-24,0,0,-12,0
16,109,k,2,-24,0,0,0,0,-48,0,-24,0,0,0,0
16,109,k,2,0,0,48,24,0,0,0,24,0,0,0,0
16,109,k,2,0,0,48,24,0,0,0,24,0,12,0,0
16,109,k,2,24,0,0,0,24,0,0,0,48,0,0,0
16,109,k,2,24,0,0,0,24,0,0,0,48,0,0,12
16,119,k,2,-48,0,0,0,0,24,0,48,0,-36,0,36
16,119,k,2,-48,0,0,0,0,24,0,48,0,-24,0,12
16,119,k,2,-48,0,0,0,0,24,0,48,0,-12,0,0
16,119,k,2,-48,0,0,0,0,24,0,48,0,0,0,0
16,119,k,2,0,0,24,-48,0,0,0,-48,0,0,-36,-36
16,119,k,2,0,0,24,-48,0,0,0,-48,0,0,-24,-12
16,119,k,2,0,0,24,-48,0,0,0,-48,0,0,-12,0
16,119,k,2,0,0,24,-48,0,0,0,-48,0,0,0,0
16,119,k,2,48,0,0,0,48,0,0,0,24,0,0,0
16,119,k,2,48,0,0,0,48,0,0,0,24,0,12,0
16,119,k,2,48,0,0,0,48,0,0,0,24,12,0,0
16,119,k,2,48,0,0,0,48,0,0,0,24,36,12,0
16,122,k,2,48,0,0,0,48,0,0,0,48,0,0,12
16,122,k,2,48,0,0,0,48,0,0,0,48,12,0,36
16,122,k,2,48,0,0,0,48,0,0,0,48,36,0,0
16,122,k,2,48,0,0,0,48,0,0,0,48,48,48,0
17,3,t,2,0,-24,0,24,0,0,0,0,24,0,0,0
17,3,t,2,24,0,0,0,24,0,0,0,24,0,0,6
17,6,t,2,24,0,0,0,0,24,0,-24,0,0,0,0
17,109,k,2,0,48,0,24,0,0,0,0,-24,0,0,-6
17,109,k,2,0,48,0,24,0,0,0,0,-24,12,0,-6
17,109,k,2,24,0,0,0,48,0,0,0,24,0,0,0
17,109,k,2,24,0,0,0,48,0,0,0,24,0,12,0
17,109,k,3,0,72,0,24,0,0,0,0,-24,0,0,-6
17,109,k,3,24,0,0,0,24,0,0,0,72,0,0,0
17,109,k,3,24,0,0,0,72,0,0,0,24,0,0,0
17,112,k,2,0,0,-24,0,48,0,24,0,0,0,0,0
17,112,k,2,0,0,-24,0,48,0,24,0,0,0,36,0
17,112,k,2,0,48,0,0,0,24,24,0,0,0,0,6
17,112,k,2,0,48,0,0,0,24,24,0,0,12,0,6
17,116,k,2,48,0,0,0,48,0,0,0,24,0,0,0
17,116,k,2,48,0,0,0,48,0,0,0,24,0,12,0
17,116,k,2,48,0,0,0,48,0,0,0,24,12,0,0
17,116,k,2,48,0,0,0,48,0,0,0,24,36,12,0
18,3,t,2,24,0,0,0,0,24,0,-24,0,0,0,0
18,6,t,2,0,-24,0,24,0,0,0,0,24,0,6,0
18,6,t,2,24,0,0,0,24,0,0,0,24,6,0,0
18,112,k,2,24,0,0,0,24,0,0,0,48,0,0,0
18,112,k,2,24,0,0,0,24,0,0,0,48,0,0,12
18,112,k,3,0,72,0,24,0,0,0,0,-24,24,0,0
18,112,k,3,24,0,0,0,24,0,0,0,72,0,0,0
18,112,k,3,24,0,0,0,72,0,0,0,24,0,24,0
18,115,k,2,24,0,0,0,24,0,0,0,48,6,0,0
18,115,k,2,24,0,0,0,24,0,0,0,48,6,0,12
19,6,t,2,0,-24,0,24,0,0,0,0,24,0,6,0
19,6,t,2,24,0,0,0,0,24,0,-24,0,6,0,0
19,6,t,2,24,0,0,0,24,0,0,0,24,0,0,6
19,115,k,3,-24,0,0,0,0,-72,0,-24,0,-6,-30,-6
19,115,k,3,0,0,72,24,0,0,0,24,0,0,0,24
19,115,k,3,24,0,0,0,24,0,0,0,72,0,0,0
20,6,t,2,-12,0,-12,-12,0,12,0,24,0,0,0,0
20,9,t,2,0,-24,0,-24,0,0,0,0,-24,0,0,0
20,9,t,2,24,0,0,0,24,0,0,0,24,0,0,6
20,109,k,2,24,0,0,0,24,0,0,0,24,0,0,24
20,112,k,2,0,0,24,24,0,0,0,24,0,6,0,24
20,112,k,2,24,0,0,0,0,-24,0,24,0,0,-6,6
20,115,k,2,24,0,0,0,24,0,0,0,24,6,0,24
20,116,k,3,0,-72,0,24,0,0,0,0,24,0,0,6
20,116,k,3,24,0,0,0,24,0,0,0,72,0,0,0
20,116,k,3,24,0,0,0,72,0,0,0,24,0,72,12
21,3,t,2,-12,0,-12,-12,0,12,0,24,0,0,0,0
21,9,t,2,0,-24,0,-24,0,0,0,0,-24,0,0,0
21,9,t,2,24,0,0,0,24,0,0,0,24,0,0,0
21,108,k,2,24,0,0,0,24,0,0,0,24,0,0,24
21,109,k,2,0,0,24,24,0,0,0,24,0,0,6,24
21,109,k,2,24,0,0,0,0,-24,0,24,0,6,0,24
21,112,k,2,24,0,0,0,24,0,0,0,24,0,0,24
21,116,k,2,24,0,0,0,24,0,0,0,48,0,0,0
21,116,k,2,24,0,0,0,24,0,0,0,48,0,0,36
21,119,k,2,24,0,0,0,24,0,0,0,48,0,0,0
21,119,k,2,24,0,0,0,24,0,0,0,48,0,0,36
21,119,k,3,0,-72,0,24,0,0,0,0,24,0,0,24
21,119,k,3,24,0,0,0,24,0,0,0,72,0,0,0
21,119,k,3,24,0,0,0,72,0,0,0,24,0,72,0
21,123,k,2,24,0,0,0,24,0,0,0,48,0,0,0
21,123,k,2,24,0,0,0,24,0,0,0,48,0,0,12
21,124,k,2,24,0,0,0,24,0,0,0,48,6,24,36
21,124,k,2,24,0,0,0,24,0,0,0,48,18,12,48
22,9,t,2,-24,0,12,0,0,-12,0,-24,0,0,0,0
22,9,t,2,0,-24,0,24,0,-12,0,0,12,0,0,0
22,9,t,2,24,0,-12,0,-24,0,0,0,-12,0,0,0
22,116,k,2,-24,0,0,0,0,24,0,24,0,-12,6,6
22,116,k,2,-24,0,0,0,0,24,0,24,0,-6,0,0
22,116,k,2,0,0,24,-24,0,0,0,-24,0,0,-6,0
22,116,k,2,0,0,24,-24,0,0,0,-24,0,6,-12,-6
22,116,k,2,24,0,0,0,24,0,0,0,24,6,0,0
22,116,k,2,24,0,0,0,24,0,0,0,24,24,6,18
22,119,k,2,-24,0,0,0,0,24,0,24,0,-18,6,18
22,119,k,2,-24,0,0,0,0,24,0,24,0,0,0,0
22,119,k,2,0,0,24,-24,0,0,0,-24,0,0,0,0
22,119,k,2,0,0,24,-24,0,0,0,-24,0,6,-18,-18
22,119,k,2,24,0,0,0,24,0,0,0,24,18,6,18
22,119,k,2,24,0,0,0,24,0,0,0,24,24,0,0
22,122,k,3,0,0,-72,-24,0,0,0,24,0,0,0,0
22,122,k,3,24,0,0,0,0,72,0,-24,0,24,0,-24
22,122,k,3,24,0,0,0,24,0,0,0,72,0,0,0
23,9,t,2,0,24,0,24,0,-24,-24,0,0,0,0,0
23,9,t,2,24,0,-24,0,-24,0,-24,0,0,-24,0,0
23,9,t,2,24,0,-24,24,0,0,0,-24,0,0,0,0
23,108,k,2,24,0,0,0,24,0,0,0,24,0,24,0
23,112,k,2,0,0,24,-24,0,0,0,-24,0,6,0,0
23,112,k,2,24,0,0,0,0,24,0,-24,0,0,6,0
23,112,k,2,24,0,0,0,24,0,0,0,24,12,12,18
23,123,k,3,-24,0,0,0,0,-72,0,-24,0,0,0,0
23,123,k,3,0,0,-72,-24,0,0,0,24,0,0,-24,24
23,123,k,3,24,0,0,0,24,0,0,0,72,0,0,72
24,9,t,2,0,24,0,24,0,-24,-24,0,0,6,12,-18
24,9,t,2,24,0,-24,0,-24,0,-24,0,0,-6,0,0
24,9,t,2,24,0,-24,24,0,0,0,-24,0,12,18,-6
24,109,k,2,0,0,24,-24,0,0,0,-24,0,6,-6,0
24,109,k,2,24,0,0,0,0,24,0,-24,0,0,0,-6
24,109,k,2,24,0,0,0,24,0,0,0,24,6,0,18
24,115,k,2,24,0,0,0,24,0,0,0,24,12,12,0
24,124,k,3,-24,0,0,0,0,-72,0,-24,0,-18,-18,-18
24,124,k,3,0,0,-72,-24,0,0,0,24,0,0,-24,24
24,124,k,3,24,0,0,0,24,0,0,0,72,0,0,24
25,3,t,2,24,0,0,0,0,24,0,-24,0,0,0,0
25,18,t,2,0,-24,0,24,0,0,0,0,24,0,0,0
25,18,t,2,24,0,0,0,24,0,0,0,24,0,0,0
25,125,k,2,0,48,0,24,0,0,0,0,-24,0,0,0
25,125,k,2,0,48,0,24,0,0,0,0,-24,12,0,0
25,125,k,2,24,0,0,0,24,0,0,0,48,0,0,0
25,125,k,2,24,0,0,0,48,0,0,0,24,0,0,0
25,125,k,2,24,0,0,0,48,0,0,0,24,0,12,0
25,125,k,3,0,72,0,24,0,0,0,0,-24,0,0,0
25,125,k,3,24,0,0,0,24,0,0,0,72,0,0,0
25,125,k,3,24,0,0,0,72,0,0,0,24,0,0,0
25,128,k,2,0,24,0,24,0,0,0,0,-48,0,0,0
25,128,k,2,24,0,0,0,24,0,0,0,48,0,0,0
25,134,k,2,24,0,0,0,24,0,0,0,48,0,0,0
25,137,k,2,0,-24,0,-48,0,0,0,0,-24,0,-12,0
25,137,k,2,0,-24,0,-48,0,0,0,0,-24,0,0,0
25,137,k,2,48,0,0,0,24,0,0,0,24,0,0,0
25,137,k,2,48,0,0,0,24,0,0,0,24,12,0,0
25,173,k,2,48,0,0,0,-48,0,0,0,-24,0,0,0
25,173,k,2,48,0,0,0,-48,0,0,0,-24,12,0,0
25,173,k,2,48,0,0,0,-48,0,0,0,-24,24,-12,0
25,173,k,2,48,0,0,0,-48,0,0,0,-24,36,-36,0
25,185,k,2,0,-48,0,24,0,0,0,0,48,-36,0,36
25,185,k,2,0,-48,0,24,0,0,0,0,48,0,0,0
25,185,k,2,24,0,0,0,-48,0,0,0,-48,0,-36,-36
25,185,k,2,24,0,0,0,-48,0,0,0,-48,0,0,0
25,191,k,2,0,-48,0,24,0,0,0,0,48,-36,0,36
25,191,k,2,0,-48,0,24,0,0,0,0,48,0,0,0
25,191,k,2,24,0,0,0,-48,0,0,0,-48,0,-36,-36
25,191,k,2,24,0,0,0,-48,0,0,0,-48,0,0,0
25,209,k,2,-48,0,0,0,48,0,0,0,-48,-36,0,-36
25,209,k,2,-48,0,0,0,48,0,0,0,-48,-36,36,-24
25,209,k,2,-48,0,0,0,48,0,0,0,-48,0,0,0
25,209,k,2,-48,0,0,0,48,0,0,0,-48,0,36,-36
26,6,t,2,24,0,0,0,0,24,0,-24,0,0,0,0
26,18,t,2,0,-24,0,24,0,0,0,0,24,0,0,0
26,21,t,2,24,0,0,0,24,0,0,0,24,0,0,0
26,128,k,2,24,0,0,0,48,0,0,0,24,0,0,0
26,128,k,2,24,0,0,0,48,0,0,0,24,0,12,0
26,128,k,2,48,0,0,0,24,0,0,0,24,0,0,0
26,128,k,2,48,0,0,0,24,0,0,0,24,12,0,0
26,128,k,3,24,0,0,0,24,0,0,0,72,0,0,0
26,128,k,3,24,0,0,0,72,0,0,0,24,0,0,0
26,128,k,3,72,0,0,0,24,0,0,0,24,0,0,0
26,143,k,2,0,-24,0,-48,0,0,0,0,-24,0,-12,0
26,143,k,2,0,-24,0,-48,0,0,0,0,-24,0,0,0
26,155,k,2,48,0,0,0,24,0,0,0,24,0,0,0
26,155,k,2,48,0,0,0,24,0,0,0,24,12,0,0
26,176,k,2,48,0,0,0,-48,0,0,0,-24,0,0,0
26,176,k,2,48,0,0,0,-48,0,0,0,-24,12,0,0
26,176,k,2,48,0,0,0,-48,0,0,0,-24,24,-12,0
26,176,k,2,48,0,0,0,-48,0,0,0,-24,36,-36,0
27,3,t,2,24,0,0,0,0,24,0,-24,0,0,0,0
27,21,t,2,0,-24,0,24,0,0,0,0,24,0,0,0
27,21,t,2,24,0,0,0,24,0,0,0,24,0,0,0
27,134,k,2,0,48,0,24,0,0,0,0,-24,0,0,0
27,134,k,2,0,48,0,24,0,0,0,0,-24,12,0,0
27,134,k,2,24,0,0,0,48,0,0,0,24,0,0,0
27,134,k,2,24,0,0,0,48,0,0,0,24,0,12,0
27,134,k,3,0,72,0,24,0,0,0,0,-24,0,0,0
27,134,k,3,24,0,0,0,24,0,0,0,72,0,0,0
27,134,k,3,24,0,0,0,72,0,0,0,24,0,0,0
27,149,k,2,0,-48,0,24,0,0,0,0,24,-12,0,0
27,149,k,2,0,-48,0,24,0,0,0,0,24,0,0,0
27,149,k,2,24,0,0,0,48,0,0,0,24,0,0,0
27,149,k,2,24,0,0,0,48,0,0,0,24,0,12,0
27,182,k,2,48,0,0,0,-48,0,0,0,-24,0,0,0
27,182,k,2,48,0,0,0,-48,0,0,0,-24,12,0,0
27,182,k,2,48,0,0,0,-48,0,0,0,-24,24,-12,0
27,182,k,2,48,0,0,0,-48,0,0,0,-24,36,-36,0
28,3,t,2,24,0,0,0,0,24,0,-24,0,0,0,0
28,18,t,2,0,-24,0,24,0,0,0,0,24,-6,0,0
28,21,t,2,0,0,24,0,-24,0,24,0,0,0,0,0
28,137,k,2,24,0,0,0,24,0,0,0,48,0,0,0
28,137,k,2,24,0,0,0,48,0,0,0,24,0,0,0
28,137,k,2,24,0,0,0,48,0,0,0,24,0,12,0
28,137,k,3,24,0,0,0,24,0,0,0,72,0,0,0
28,137,k,3,24,0,0,0,72,0,0,0,24,0,0,0
28,137,k,3,72,0,0,0,24,0,0,0,24,24,0,0
28,143,k,2,24,0,0,0,24,0,0,0,48,0,0,0
28,149,k,2,0,24,0,24,0,0,0,0,-48,0,0,0
28,155,k,2,24,0,0,0,24,0,0,0,48,6,0,0
28,161,k,2,24,0,0,0,48,0,0,0,24,0,0,0
28,161,k,2,24,0,0,0,48,0,0,0,24,0,12,0
28,197,k,2,24,0,0,0,-48,0,0,0,-48,0,-36,-36
28,197,k,2,24,0,0,0,-48,0,0,0,-48,0,0,0
28,203,k,2,24,0,0,0,-48,0,0,0,-48,0,-36,-36
28,203,k,2,24,0,0,0,-48,0,0,0,-48,0,0,0
29,6,t,2,24,0,0,0,0,24,0,-24,0,0,0,0
29,21,t,2,0,-24,0,24,0,0,0,0,24,-6,0,0
29,21,t,2,0,0,24,0,-24,0,24,0,0,0,0,0
29,143,k,2,24,0,0,0,48,0,0,0,24,0,0,0
29,143,k,2,24,0,0,0,48,0,0,0,24,0,12,0
29,143,k,3,24,0,0,0,24,0,0,0,72,0,0,0
29,143,k,3,24,0,0,0,72,0,0,0,24,0,0,0
29,143,k,3,72,0,0,0,24,0,0,0,24,24,0,0
29,164,k,2,24,0,0,0,48,0,0,0,24,0,0,0
29,164,k,2,24,0,0,0,48,0,0,0,24,0,12,0
30,3,t,2,24,0,0,0,0,24,0,-24,0,0,0,0
30,21,t,2,0,24,0,24,0,-24,0,0,-24,0,0,0
30,21,t,2,24,0,0,0,24,0,0,0,24,0,6,0
30,149,k,2,48,0,0,0,24,0,0,0,24,0,0,0
30,149,k,2,48,0,0,0,24,0,0,0,24,12,0,0
30,149,k,3,24,0,0,0,24,0,0,0,72,0,0,0
30,149,k,3,24,0,0,0,72,0,0,0,24,0,24,0
30,149,k,3,72,0,0,0,24,0,0,0,24,0,0,0
30,170,k,2,0,48,0,24,0,0,0,0,-24,0,0,0
30,170,k,2,0,48,0,24,0,0,0,0,-24,12,0,0
31,6,t,2,24,0,0,0,0,24,0,-24,0,6,0,0
31,18,t,2,0,-24,0,24,0,0,0,0,24,0,0,0
31,21,t,2,24,0,-24,0,-24,0,0,0,-24,0,0,0
31,155,k,2,24,0,0,0,48,0,0,0,24,0,0,0
31,155,k,2,24,0,0,0,48,0,0,0,24,0,12,0
31,155,k,3,24,0,0,0,24,0,0,0,72,0,0,0
31,155,k,3,24,0,0,0,72,0,0,0,24,0,0,0
31,155,k,3,72,0,0,0,24,0,0,0,24,0,0,0
31,164,k,2,0,-24,0,-48,0,0,0,0,-24,-6,-12,0
31,164,k,2,0,-24,0,-48,0,0,0,0,-24,-6,0,0
32,3,t,2,24,0,0,0,0,24,0,-24,0,0,0,0
32,21,t,2,0,0,24,0,-24,0,24,0,0,0,-6,0
32,21,t,2,0,24,0,0,0,24,24,0,0,6,0,0
32,161,k,2,24,0,0,0,24,0,0,0,48,0,0,0
32,161,k,3,0,72,0,24,0,0,0,0,-24,24,0,0
32,161,k,3,24,0,0,0,24,0,0,0,72,0,0,0
32,161,k,3,24,0,0,0,72,0,0,0,24,0,24,0
32,164,k,2,0,24,0,24,0,0,0,0,-48,0,0,0
32,164,k,2,24,0,0,0,24,0,0,0,48,0,0,0
32,170,k,2,24,0,0,0,24,0,0,0,48,0,0,0
33,6,t,2,24,0,0,0,0,24,0,-24,0,0,0,0
33,21,t,2,0,0,24,0,-24,0,24,0,0,0,-6,0
33,21,t,2,0,24,0,24,0,-24,0,0,-24,6,0,0
33,164,k,3,24,0,0,0,24,0,0,0,72,0,0,0
33,164,k,3,24,0,0,0,72,0,0,0,24,0,24,0
33,164,k,3,72,0,0,0,24,0,0,0,24,24,0,0
34,3,t,2,24,0,0,0,0,24,0,-24,0,0,0,0
34,21,t,2,0,24,0,24,0,-24,0,0,-24,6,0,0
34,21,t,2,24,0,-24,0,-24,0,0,0,-24,0,-6,0
34,170,k,3,0,72,0,24,0,0,0,0,-24,24,0,0
34,170,k,3,24,0,0,0,24,0,0,0,72,0,0,0
34,170,k,3,24,0,0,0,72,0,0,0,24,0,24,0
34,212,k,2,-48,0,0,0,48,0,0,0,-48,-36,0,-36
34,212,k,2,-48,0,0,0,48,0,0,0,-48,-36,36,-24
34,212,k,2,-48,0,0,0,48,0,0,0,-48,0,0,0
34,212,k,2,-48,0,0,0,48,0,0,0,-48,0,36,-36
35,3,t,2,-12,0,-12,-12,0,12,0,24,0,0,0,0
35,30,t,2,0,-24,0,-24,0,0,0,0,-24,0,0,0
35,30,t,2,24,0,0,0,24,0,0,0,24,0,0,0
35,125,k,2,24,0,0,0,24,0,0,0,24,0,0,0
35,137,k,2,0,24,0,24,0,0,0,0,-24,6,6,0
35,137,k,2,24,0,0,0,24,0,0,0,24,6,6,0
35,161,k,2,24,0,0,0,24,0,0,0,24,0,0,0
35,173,k,2,24,0,0,0,-24,0,0,0,-48,0,0,0
35,173,k,3,0,-72,0,24,0,0,0,0,24,-72,0,0
35,173,k,3,24,0,0,0,-24,0,0,0,-72,0,0,0
35,173,k,3,24,0,0,0,72,0,0,0,24,0,72,0
35,176,k,2,0,24,0,-24,0,0,0,0,48,0,0,0
35,176,k,2,24,0,0,0,-24,0,0,0,-48,0,0,0
35,182,k,2,24,0,0,0,-24,0,0,0,-48,0,0,0
35,215,k,2,24,0,0,0,24,0,0,0,48,0,0,0
35,218,k,2,24,0,0,0,24,0,0,0,48,24,0,48
35,221,k,2,0,-24,0,-24,0,0,0,0,-48,-18,-18,-12
35,221,k,2,24,0,0,0,24,0,0,0,48,6,6,12
36,6,t,2,-12,0,-12,-12,0,12,0,24,0,0,0,0
36,30,t,2,0,-24,0,-24,0,0,0,0,-24,0,0,0
36,39,t,2,24,0,0,0,24,0,0,0,24,0,0,0
36,128,k,2,24,0,0,0,24,0,0,0,24,0,0,0
36,143,k,2,0,24,0,24,0,0,0,0,-24,6,6,0
36,155,k,2,24,0,0,0,24,0,0,0,24,0,6,0
36,164,k,2,0,24,0,24,0,0,0,0,-24,0,0,0
36,176,k,3,24,0,0,0,-24,0,0,0,-72,0,0,0
36,176,k,3,24,0,0,0,72,0,0,0,24,0,72,12
36,176,k,3,72,0,0,0,-24,0,0,0,-24,72,-24,-12
37,3,t,2,-12,0,-12,-12,0,12,0,24,0,0,0,0
37,39,t,2,0,-24,0,-24,0,0,0,0,-24,0,0,0
37,39,t,2,24,0,0,0,24,0,0,0,24,0,0,0
37,134,k,2,24,0,0,0,24,0,0,0,24,0,0,0
37,149,k,2,0,24,0,24,0,0,0,0,-24,6,6,0
37,149,k,2,24,0,0,0,24,0,0,0,24,6,6,0
37,170,k,2,24,0,0,0,24,0,0,0,24,0,0,0
37,182,k,3,0,-72,0,24,0,0,0,0,24,-72,0,0
37,182,k,3,24,0,0,0,-24,0,0,0,-72,0,0,0
37,182,k,3,24,0,0,0,72,0,0,0,24,0,72,0
38,9,t,2,0,0,-24,-24,0,0,0,24,0,0,0,0
38,18,t,2,0,24,0,-12,0,-12,-12,0,12,0,0,0
38,30,t,2,0,0,-24,0,-24,0,-24,0,0,0,0,0
38,125,k,2,24,0,0,0,-24,0,0,0,-24,0,0,0
38,128,k,2,24,0,0,0,-24,0,0,0,-24,0,-6,0
38,149,k,2,24,0,0,0,-24,0,0,0,-24,0,0,0
38,155,k,2,0,24,0,-24,0,0,0,0,24,0,0,0
38,185,k,2,48,0,0,0,-24,0,0,0,-24,0,0,0
38,185,k,2,48,0,0,0,-24,0,0,0,-24,12,0,0
38,185,k,3,-24,0,0,0,72,0,0,0,-24,0,72,-24
38,185,k,3,24,0,0,0,24,0,0,0,72,0,0,0
38,185,k,3,72,0,0,0,-24,0,0,0,-24,0,0,0
38,197,k,2,48,0,0,0,-24,0,0,0,-24,0,0,0
38,197,k,2,48,0,0,0,-24,0,0,0,-24,12,0,0
38,215,k,2,0,-48,0,-24,0,0,0,0,-24,-12,0,0
38,215,k,2,0,-48,0,-24,0,0,0,0,-24,0,0,-24
38,221,k,2,48,0,0,0,24,0,0,0,24,0,0,0
38,221,k,2,48,0,0,0,24,0,0,0,24,36,0,18
39,9,t,2,0,0,-24,-24,0,0,0,24,0,0,0,0
39,21,t,2,0,-24,0,-12,0,24,-12,0,0,0,0,0
39,30,t,2,0,0,-24,0,-24,0,-24,0,0,0,-6,-18
39,128,k,2,0,24,0,-24,0,0,0,0,24,0,-6,0
39,134,k,2,24,0,0,0,-24,0,0,0,-24,0,0,0
39,137,k,2,0,24,0,-24,0,0,0,0,24,0,0,0
39,143,k,2,0,24,0,-24,0,0,0,0,24,0,-6,0
39,191,k,2,48,0,0,0,-24,0,0,0,-24,0,0,0
39,191,k,2,48,0,0,0,-24,0,0,0,-24,12,0,0
39,191,k,3,-24,0,0,0,72,0,0,0,-24,0,60,-20
39,191,k,3,24,0,0,0,24,0,0,0,72,0,0,0
39,191,k,3,72,0,0,0,-24,0,0,0,-24,0,0,0
39,203,k,2,48,0,0,0,-24,0,0,0,-24,0,0,0
39,203,k,2,48,0,0,0,-24,0,0,0,-24,12,0,0
39,218,k,2,0,-48,0,-24,0,0,0,0,-24,-12,0,0
39,218,k,2,0,-48,0,-24,0,0,0,0,-24,0,0,0
39,221,k,2,0,48,0,-24,0,0,0,0,24,0,0,0
39,221,k,2,0,48,0,-24,0,0,0,0,24,12,0,0
40,9,t,2,0,0,-24,-24,0,0,0,24,0,0,0,0
40,18,t,2,0,24,0,-12,0,-12,-12,0,12,6,0,0
40,39,t,2,0,0,-24,0,-24,0,-24,0,0,0,0,0
40,137,k,2,24,0,0,0,-24,0,0,0,-24,0,0,0
40,155,k,2,24,0,0,0,-24,0,0,0,-24,6,-6,0
40,164,k,2,24,0,0,0,-24,0,0,0,-24,0,-6,0
40,170,k,2,24,0,0,0,-24,0,0,0,-24,0,0,0
40,197,k,3,-24,0,0,0,72,0,0,0,-24,0,72,-24
40,197,k,3,24,0,0,0,24,0,0,0,72,0,0,0
40,197,k,3,72,0,0,0,-24,0,0,0,-24,24,0,0
41,9,t,2,0,0,-24,-24,0,0,0,24,0,0,0,0
41,21,t,2,0,-24,0,-12,0,24,-12,0,0,-6,0,0
41,39,t,2,0,0,-24,0,-24,0,-24,0,0,0,-6,-18
41,143,k,2,24,0,0,0,-24,0,0,0,-24,0,-6,0
41,149,k,2,0,24,0,-24,0,0,0,0,24,0,0,0
41,161,k,2,24,0,0,0,-24,0,0,0,-24,0,0,0
41,164,k,2,0,24,0,-24,0,0,0,0,24,0,-6,0
41,203,k,3,-24,0,0,0,72,0,0,0,-24,0,60,-20
41,203,k,3,24,0,0,0,24,0,0,0,72,0,0,0
41,203,k,3,72,0,0,0,-24,0,0,0,-24,24,0,0
42,9,t,2,-24,0,12,0,0,-12,0,-24,0,0,0,0
42,30,t,2,0,-24,0,24,0,-12,0,0,12,-24,0,0
42,30,t,2,24,0,-12,0,-24,0,0,0,-12,0,0,0
42,173,k,2,24,0,0,0,-24,0,0,0,-24,24,0,0
42,176,k,2,0,24,0,-24,0,0,0,0,24,6,-12,0
42,176,k,2,24,0,0,0,-24,0,0,0,-24,12,-6,0
42,182,k,2,24,0,0,0,-24,0,0,0,-24,18,-18,0
42,185,k,2,0,-24,0,24,0,0,0,0,24,0,0,0
42,185,k,2,24,0,0,0,-24,0,0,0,-24,24,0,0
42,191,k,2,0,-24,0,24,0,0,0,0,24,-18,6,18
42,191,k,2,24,0,0,0,-24,0,0,0,-24,6,-18,-18
42,197,k,2,0,-24,0,24,0,0,0,0,24,-18,6,18
42,197,k,2,24,0,0,0,-24,0,0,0,-24,6,-18,-18
42,203,k,2,0,-24,0,24,0,0,0,0,24,0,0,0
42,203,k,2,24,0,0,0,-24,0,0,0,-24,24,0,0
42,209,k,3,-24,0,0,0,24,0,0,0,-72,-24,24,-72
42,209,k,3,0,-72,0,-24,0,0,0,0,-24,0,0,0
42,209,k,3,24,0,0,0,72,0,0,0,24,24,72,24
43,9,t,2,-24,0,12,0,0,-12,0,-24,0,0,0,0
43,39,t,2,0,-24,0,24,0,-12,0,0,12,-3,21,0
43,39,t,2,24,0,-12,0,-24,0,0,0,-12,15,-9,0
43,212,k,3,-24,0,0,0,24,0,0,0,-72,-18,18,-36
43,212,k,3,0,-72,0,-24,0,0,0,0,-24,-60,0,-20
43,212,k,3,24,0,0,0,72,0,0,0,24,18,18,24
44,9,t,2,24,0,-24,24,0,0,0,-24,0,0,0,0
44,30,t,2,0,24,0,24,0,-24,-24,0,0,0,24,-24
44,30,t,2,24,0,-24,0,-24,0,-24,0,0,0,0,0
44,125,k,2,24,0,0,0,-24,0,0,0,-24,0,0,0
44,155,k,2,0,24,0,-24,0,0,0,0,24,6,0,0
44,155,k,2,24,0,0,0,-24,0,0,0,-24,0,-6,0
44,170,k,2,24,0,0,0,-24,0,0,0,-24,0,0,0
44,215,k,3,0,-72,0,-24,0,0,0,0,-24,0,0,-24
44,215,k,3,24,0,0,0,24,0,0,0,72,0,0,72
44,215,k,3,24,0,0,0,72,0,0,0,24,0,72,0
45,9,t,2,24,0,-24,24,0,0,0,-24,0,0,0,0
45,39,t,2,0,24,0,24,0,-24,-24,0,0,6,18,-18
45,39,t,2,24,0,-24,0,-24,0,-24,0,0,18,-6,-18
45,134,k,2,24,0,0,0,-24,0,0,0,-24,0,0,0
45,143,k,2,0,24,0,-24,0,0,0,0,24,6,-6,0
45,143,k,2,24,0,0,0,-24,0,0,0,-24,6,-6,0
45,161,k,2,24,0,0,0,-24,0,0,0,-24,0,0,0
45,218,k,3,0,-72,0,-24,0,0,0,0,-24,0,0,0
45,218,k,3,24,0,0,0,24,0,0,0,72,0,0,72
45,218,k,3,24,0,0,0,72,0,0,0,24,0,72,0
46,9,t,2,24,0,-24,24,0,0,0,-24,0,0,0,0
46,30,t,2,0,24,0,24,0,-24,-24,0,0,6,18,-18
46,39,t,2,24,0,-24,0,-24,0,-24,0,0,0,0,0
46,128,k,2,24,0,0,0,-24,0,0,0,-24,6,-6,0
46,137,k,2,24,0,0,0,-24,0,0,0,-24,0,0,0
46,149,k,2,24,0,0,0,-24,0,0,0,-24,0,0,0
46,164,k,2,24,0,0,0,-24,0,0,0,-24,6,-6,0
46,221,k,3,-24,0,0,0,72,0,0,0,-24,0,72,0
46,221,k,3,24,0,0,0,24,0,0,0,72,0,0,72
46,221,k,3,72,0,0,0,24,0,0,0,24,60,24,20
47,57,t,2,0,-24,0,24,0,0,0,0,24,0,0,24
47,57,t,2,24,0,0,0,0,24,0,-24,0,0,0,0
47,57,t,2,24,0,0,0,24,0,0,0,24,0,0,24
47,108,t,2,24,0,0,0,24,0,0,0,24,0,0,24
47,125,t,2,0,0,24,24,0,0,0,24,0,0,0,24
47,125,t,2,24,0,0,0,0,-24,0,24,0,0,0,24
47,125,t,2,24,0,0,0,24,0,0,0,24,0,0,0
47,227,k,2,-24,0,0,0,0,-48,0,-24,0,0,-12,0
47,227,k,2,-24,0,0,0,0,-48,0,-24,0,0,0,0
47,227,k,2,0,0,48,24,0,0,0,24,0,0,0,24
47,227,k,2,0,0,48,24,0,0,0,24,0,12,0,24
47,227,k,2,24,0,0,0,24,0,0,0,48,0,0,12
47,227,k,2,24,0,0,0,24,0,0,0,48,0,0,48
47,227,k,3,-24,0,0,0,0,-72,0,-24,0,0,0,0
47,227,k,3,0,0,72,24,0,0,0,24,0,0,0,24
47,227,k,3,24,0,0,0,24,0,0,0,72,0,0,72
47,230,k,2,-24,0,0,0,0,-48,0,-24,0,0,-12,0
47,230,k,2,-24,0,0,0,0,-48,0,-24,0,0,0,0
47,230,k,2,0,0,48,24,0,0,0,24,0,0,0,24
47,230,k,2,0,0,48,24,0,0,0,24,0,12,0,24
47,230,k,2,24,0,0,0,24,0,0,0,48,0,0,0
47,230,k,2,24,0,0,0,24,0,0,0,48,0,0,12
47,239,k,2,0,-24,0,-48,0,0,0,0,-24,0,-12,0
47,239,k,2,0,-24,0,-48,0,0,0,0,-24,0,0,0
47,239,k,2,0,0,-24,48,0,0,0,-24,0,0,0,0
47,239,k,2,0,0,-24,48,0,0,0,-24,0,0,12,0
47,239,k,2,0,0,24,0,24,0,-48,0,0,0,0,-12
47,239,k,2,0,0,24,0,24,0,-48,0,0,0,0,0
47,239,k,2,0,24,0,0,0,24,48,0,0,0,0,0
47,239,k,2,0,24,0,0,0,24,48,0,0,0,0,12
47,239,k,2,48,0,0,0,0,24,0,-24,0,12,0,0
47,239,k,2,48,0,0,0,0,24,0,-24,0,24,0,0
47,239,k,2,48,0,0,0,24,0,0,0,24,0,0,24
47,239,k,2,48,0,0,0,24,0,0,0,24,12,0,24
47,310,k,2,-48,0,0,0,0,24,0,48,0,-36,0,36
47,310,k,2,-48,0,0,0,0,24,0,48,0,-24,0,12
47,310,k,2,-48,0,0,0,0,24,0,48,0,-12,0,0
47,310,k,2,-48,0,0,0,0,24,0,48,0,0,0,0
47,310,k,2,0,0,24,-48,0,0,0,-48,0,0,-36,-36
47,310,k,2,0,0,24,-48,0,0,0,-48,0,0,-24,-12
47,310,k,2,0,0,24,-48,0,0,0,-48,0,24,-12,0
47,310,k,2,0,0,24,-48,0,0,0,-48,0,24,0,0
47,310,k,2,48,0,0,0,48,0,0,0,24,0,0,0
47,310,k,2,48,0,0,0,48,0,0,0,24,0,12,0
47,310,k,2,48,0,0,0,48,0,0,0,24,12,0,0
47,310,k,2,48,0,0,0,48,0,0,0,24,36,12,0
47,316,k,2,-48,0,0,0,0,24,0,48,0,-36,0,36
47,316,k,2,-48,0,0,0,0,24,0,48,0,-24,0,12
47,316,k,2,-48,0,0,0,0,24,0,48,0,-12,0,0
47,316,k,2,-48,0,0,0,0,24,0,48,0,0,0,0
47,316,k,2,0,0,24,-48,0,0,0,-48,0,0,-36,-36
47,316,k,2,0,0,24,-48,0,0,0,-48,0,0,-24,-12
47,316,k,2,0,0,24,-48,0,0,0,-48,0,0,0,0
47,316,k,2,0,0,24,-48,0,0,0,-48,0,24,-12,0
47,316,k,2,48,0,0,0,48,0,0,0,24,0,0,0
47,316,k,2,48,0,0,0,48,0,0,0,24,0,12,0
47,316,k,2,48,0,0,0,48,0,0,0,24,12,0,0
47,316,k,2,48,0,0,0,48,0,0,0,24,36,12,0
47,334,k,2,48,0,0,0,48,0,0,0,48,0,0,48
47,334,k,2,48,0,0,0,48,0,0,0,48,0,12,36
47,334,k,2,48,0,0,0,48,0,0,0,48,12,36,0
47,334,k,2,48,0,0,0,48,0,0,0,48,12,48,36
47,334,k,2,48,0,0,0,48,0,0,0,48,36,0,0
47,334,k,2,48,0,0,0,48,0,0,0,48,36,36,12
47,334,k,2,48,0,0,0,48,0,0,0,48,48,12,0
47,334,k,2,48,0,0,0,48,0,0,0,48,48,48,12
48,72,t,2,0,24,0,24,0,-24,0,0,-24,6,-6,-6
48,72,t,2,24,0,-24,0,-24,0,0,0,-24,-6,-6,-6
48,72,t,2,24,0,-24,0,0,-24,0,24,0,-6,-6,6
48,108,t,2,24,0,0,0,24,0,0,0,24,0,0,24
48,170,t,2,0,0,24,24,0,0,0,24,0,0,0,24
48,170,t,2,24,0,0,0,0,-24,0,24,0,0,0,24
48,170,t,2,24,0,0,0,24,0,0,0,24,0,0,0
48,228,k,3,-24,0,0,0,0,-72,0,-24,0,0,-12,0
48,228,k,3,0,0,72,24,0,0,0,24,0,24,0,24
48,228,k,3,24,0,0,0,24,0,0,0,72,0,0,24
48,335,k,2,48,0,0,0,48,0,0,0,48,0,0,48
48,335,k,2,48,0,0,0,48,0,0,0,48,12,36,0
48,335,k,2,48,0,0,0,48,0,0,0,48,12,48,36
48,335,k,2,48,0,0,0,48,0,0,0,48,36,0,0
48,335,k,2,48,0,0,0,48,0,0,0,48,36,36,12
48,335,k,2,48,0,0,0,48,0,0,0,48,48,12,0
48,335,k,2,48,0,0,0,48,0,0,0,48,48,12,36
48,335,k,2,48,0,0,0,48,0,0,0,48,48,48,12
49,57,t,2,24,0,0,0,0,24,0,-24,0,0,0,0
49,72,t,2,0,-24,0,24,0,0,0,0,24,0,0,0
49,72,t,2,24,0,0,0,24,0,0,0,24,0,0,0
49,108,t,2,24,0,0,0,24,0,0,0,24,0,0,6
49,134,t,2,24,0,0,0,24,0,0,0,24,0,0,0
49,137,t,2,0,0,24,0,24,0,-24,0,0,0,0,-6
49,137,t,2,0,24,0,0,0,24,24,0,0,0,0,6
49,230,k,2,0,48,0,24,0,0,0,0,-24,0,0,0
49,230,k,2,0,48,0,24,0,0,0,0,-24,12,0,0
49,230,k,2,24,0,0,0,48,0,0,0,24,0,0,24
49,230,k,2,24,0,0,0,48,0,0,0,24,0,12,24
49,230,k,3,0,72,0,24,0,0,0,0,-24,0,0,0
49,230,k,3,24,0,0,0,24,0,0,0,72,0,0,0
49,230,k,3,24,0,0,0,72,0,0,0,24,0,0,0
49,233,k,2,0,0,-24,0,48,0,24,0,0,-24,36,18
49,233,k,2,0,0,-24,0,48,0,24,0,0,0,0,18
49,233,k,2,0,48,0,0,0,24,24,0,0,0,0,6
49,233,k,2,0,48,0,0,0,24,24,0,0,12,0,6
49,251,k,2,0,-24,0,0,0,48,-24,0,0,0,0,0
49,251,k,2,0,-24,0,0,0,48,-24,0,0,0,12,0
49,251,k,2,0,0,-48,0,24,0,24,0,0,-12,0,0
49,251,k,2,0,0,-48,0,24,0,24,0,0,0,0,0
49,257,k,2,0,-24,0,-48,0,0,0,0,-24,0,-12,0
49,257,k,2,0,-24,0,-48,0,0,0,0,-24,0,0,0
49,257,k,2,48,0,0,0,24,0,0,0,24,0,0,0
49,257,k,2,48,0,0,0,24,0,0,0,24,12,0,0
49,313,k,2,48,0,0,0,48,0,0,0,24,0,0,12
49,313,k,2,48,0,0,0,48,0,0,0,24,0,12,12
49,313,k,2,48,0,0,0,48,0,0,0,24,12,0,12
49,313,k,2,48,0,0,0,48,0,0,0,24,36,12,12
49,322,k,2,48,0,0,0,48,0,0,0,24,0,0,18
49,322,k,2,48,0,0,0,48,0,0,0,24,0,12,18
49,322,k,2,48,0,0,0,48,0,0,0,24,12,0,18
49,322,k,2,48,0,0,0,48,0,0,0,24,36,12,18
50,72,t,2,0,0,24,0,-24,0,24,0,0,6,-6,24
50,72,t,2,0,24,0,0,0,24,24,0,0,6,6,24
50,72,t,2,24,0,-24,0,0,-24,0,24,0,-6,-6,0
50,108,t,2,24,0,0,0,24,0,0,0,24,0,0,24
50,149,t,2,0,0,24,0,24,0,-24,0,0,0,0,0
50,149,t,2,0,24,0,0,0,24,24,0,0,0,0,24
50,161,t,2,24,0,0,0,24,0,0,0,24,0,0,0
50,228,k,2,24,0,0,0,24,0,0,0,48,0,0,12
50,228,k,2,24,0,0,0,24,0,0,0,48,0,0,48
50,233,k,2,24,0,0,0,24,0,0,0,48,0,0,12
50,233,k,2,24,0,0,0,24,0,0,0,48,0,0,48
50,233,k,3,0,72,0,24,0,0,0,0,-24,24,0,0
50,233,k,3,24,0,0,0,24,0,0,0,72,0,0,72
50,233,k,3,24,0,0,0,72,0,0,0,24,0,24,0
50,245,k,2,0,0,24,24,0,0,0,48,0,6,6,12
50,245,k,2,0,0,24,24,0,0,0,48,0,6,6,48
50,245,k,2,24,0,0,0,0,24,0,-48,0,6,6,-12
50,245,k,2,24,0,0,0,0,24,0,-48,0,6,6,0
51,57,t,2,24,0,0,0,24,0,0,0,24,0,0,24
51,60,t,2,0,-24,0,24,0,0,0,0,24,0,0,24
51,72,t,2,0,0,24,24,0,0,0,24,0,0,0,0
51,109,t,2,0,0,24,24,0,0,0,24,0,0,0,24
51,125,t,2,24,0,0,0,24,0,0,0,24,6,0,0
51,128,t,2,0,0,24,24,0,0,0,24,0,0,0,24
51,137,t,2,24,0,0,0,0,24,0,-24,0,0,0,0
51,239,k,2,24,0,0,0,24,0,0,0,48,0,0,12
51,239,k,2,24,0,0,0,24,0,0,0,48,0,0,48
51,239,k,2,24,0,0,0,48,0,0,0,24,0,0,0
51,239,k,2,24,0,0,0,48,0,0,0,24,0,12,0
51,239,k,3,24,0,0,0,24,0,0,0,72,0,0,72
51,239,k,3,24,0,0,0,72,0,0,0,24,0,0,0
51,239,k,3,72,0,0,0,24,0,0,0,24,24,0,24
51,251,k,2,0,0,-24,48,0,0,0,-24,0,0,0,0
51,251,k,2,0,0,-24,48,0,0,0,-24,0,0,12,0
51,257,k,2,24,0,0,0,24,0,0,0,48,0,0,0
51,257,k,2,24,0,0,0,24,0,0,0,48,0,0,12
51,263,k,2,24,0,0,0,0,-24,0,48,0,0,0,12
51,263,k,2,24,0,0,0,0,-24,0,48,0,0,0,48
51,269,k,2,0,-24,0,0,0,48,-24,0,0,0,0,0
51,269,k,2,0,-24,0,0,0,48,-24,0,0,0,12,0
51,269,k,2,0,0,24,24,0,0,0,48,0,0,0,12
51,269,k,2,0,0,24,24,0,0,0,48,0,0,0,48
51,278,k,2,24,0,0,0,48,0,0,0,24,6,0,0
51,278,k,2,24,0,0,0,48,0,0,0,24,6,12,0
51,298,k,2,0,0,24,-48,0,0,0,-48,0,0,-36,-36
51,298,k,2,0,0,24,-48,0,0,0,-48,0,0,0,0
51,298,k,2,0,0,24,-48,0,0,0,-48,0,24,-24,-12
51,298,k,2,0,0,24,-48,0,0,0,-48,0,24,-12,0
51,304,k,2,0,0,24,-48,0,0,0,-48,0,0,-36,-36
51,304,k,2,0,0,24,-48,0,0,0,-48,0,0,0,0
51,304,k,2,0,0,24,-48,0,0,0,-48,0,24,-24,-12
51,304,k,2,0,0,24,-48,0,0,0,-48,0,24,-12,0
52,72,t,2,0,0,24,24,0,0,0,24,0,0,0,0
52,72,t,2,0,24,0,24,0,-24,0,0,-24,0,24,0
52,81,t,2,24,0,-24,0,-24,0,0,0,-24,0,0,0
52,109,t,2,24,0,0,0,0,-24,0,24,0,6,-6,6
52,149,t,2,0,0,24,24,0,0,0,24,0,0,6,6
52,164,t,2,24,0,0,0,0,24,0,-24,0,6,0,-6
52,170,t,2,24,0,0,0,24,0,0,0,24,6,0,0
52,245,k,3,24,0,0,0,24,0,0,0,72,0,0,0
52,245,k,3,24,0,0,0,72,0,0,0,24,0,24,0
52,245,k,3,72,0,0,0,24,0,0,0,24,0,0,0
53,57,t,2,0,-24,0,24,0,0,0,0,24,0,0,24
53,72,t,2,24,0,-24,0,-24,0,0,0,-24,0,0,0
53,81,t,2,0,0,24,24,0,0,0,24,0,0,0,0
53,109,t,2,24,0,0,0,24,0,0,0,24,6,0,24
53,137,t,2,24,0,0,0,0,24,0,-24,0,6,0,-6
53,149,t,2,0,0,24,24,0,0,0,24,0,0,0,24
53,155,t,2,24,0,0,0,24,0,0,0,24,0,0,0
53,245,k,2,0,0,-24,48,0,0,0,-24,0,0,0,0
53,245,k,2,0,0,-24,48,0,0,0,-24,0,0,12,0
53,251,k,2,24,0,0,0,48,0,0,0,24,0,0,0
53,251,k,2,24,0,0,0,48,0,0,0,24,0,12,0
53,251,k,3,24,0,0,0,24,0,0,0,72,0,0,24
53,251,k,3,24,0,0,0,72,0,0,0,24,0,0,0
53,251,k,3,72,0,0,0,24,0,0,0,24,0,0,24
53,275,k,2,0,0,-24,0,48,0,24,0,0,0,0,0
53,275,k,2,0,0,-24,0,48,0,24,0,0,0,36,0
53,284,k,2,0,-24,0,0,0,48,-24,0,0,0,0,0
53,284,k,2,0,-24,0,0,0,48,-24,0,0,0,12,0
54,72,t,2,0,0,24,24,0,0,0,24,0,0,0,0
54,72,t,2,24,0,0,0,24,0,0,0,24,0,0,0
54,81,t,2,0,-24,0,24,0,0,0,0,24,0,0,0
54,109,t,2,0,0,24,24,0,0,0,24,0,0,0,6
54,134,t,2,24,0,0,0,24,0,0,0,24,6,0,0
54,143,t,2,0,0,24,0,24,0,-24,0,0,0,0,-6
54,161,t,2,24,0,0,0,0,-24,0,24,0,0,0,6
54,245,k,2,0,-24,0,0,0,48,-24,0,0,0,0,0
54,245,k,2,0,-24,0,0,0,48,-24,0,0,0,12,0
54,257,k,2,24,0,0,0,48,0,0,0,24,0,0,0
54,257,k,2,24,0,0,0,48,0,0,0,24,0,12,0
54,257,k,3,24,0,0,0,24,0,0,0,72,0,0,0
54,257,k,3,24,0,0,0,72,0,0,0,24,0,0,0
54,257,k,3,72,0,0,0,24,0,0,0,24,24,0,0
54,266,k,2,24,0,0,0,48,0,0,0,24,0,0,24
54,266,k,2,24,0,0,0,48,0,0,0,24,0,12,24
54,284,k,2,0,0,-24,48,0,0,0,-24,0,0,0,0
54,284,k,2,0,0,-24,48,0,0,0,-24,0,0,12,0
55,57,t,2,24,0,0,0,0,24,0,-24,0,0,0,0
55,81,t,2,0,0,24,0,-24,0,24,0,0,0,0,24
55,81,t,2,0,24,0,0,0,24,24,0,0,0,24,24
55,112,t,2,24,0,0,0,24,0,0,0,24,0,0,24
55,128,t,2,0,0,24,0,24,0,-24,0,0,0,6,0
55,128,t,2,0,24,0,0,0,24,24,0,0,6,0,24
55,161,t,2,24,0,0,0,24,0,0,0,24,0,0,0
55,263,k,2,24,0,0,0,24,0,0,0,48,0,0,12
55,263,k,2,24,0,0,0,24,0,0,0,48,0,0,48
55,263,k,3,0,72,0,24,0,0,0,0,-24,24,0,0
55,263,k,3,24,0,0,0,24,0,0,0,72,0,0,72
55,263,k,3,24,0,0,0,72,0,0,0,24,0,24,0
55,275,k,2,24,0,0,0,24,0,0,0,48,0,0,0
55,275,k,2,24,0,0,0,24,0,0,0,48,0,0,12
55,292,k,2,0,0,24,24,0,0,0,48,0,0,24,12
55,292,k,2,0,0,24,24,0,0,0,48,0,0,24,48
55,292,k,2,24,0,0,0,0,24,0,-48,0,0,24,-12
55,292,k,2,24,0,0,0,0,24,0,-48,0,0,24,0
56,72,t,2,24,0,-24,0,0,-24,0,24,0,0,0,0
56,81,t,2,0,-24,0,24,0,0,0,0,24,0,0,0
56,81,t,2,24,0,0,0,24,0,0,0,24,24,0,0
56,112,t,2,24,0,0,0,24,0,0,0,24,6,6,6
56,134,t,2,24,0,0,0,24,0,0,0,24,6,6,0
56,164,t,2,0,0,24,0,24,0,-24,0,0,0,0,-6
56,164,t,2,0,24,0,0,0,24,24,0,0,0,0,6
56,266,k,3,0,72,0,24,0,0,0,0,-24,24,0,0
56,266,k,3,24,0,0,0,24,0,0,0,72,0,0,0
56,266,k,3,24,0,0,0,72,0,0,0,24,0,24,0
57,60,t,2,24,0,0,0,0,24,0,-24,0,0,0,0
57,72,t,2,0,24,0,0,0,24,24,0,0,0,24,24
57,81,t,2,24,0,0,0,24,0,0,0,24,24,0,0
57,112,t,2,0,0,24,24,0,0,0,24,0,24,6,24
57,128,t,2,0,24,0,0,0,24,24,0,0,0,0,6
57,137,t,2,0,0,24,0,24,0,-24,0,0,0,6,0
57,143,t,2,0,24,0,24,0,0,0,0,-24,0,0,0
57,269,k,2,48,0,0,0,24,0,0,0,24,0,0,24
57,269,k,2,48,0,0,0,24,0,0,0,24,12,0,24
57,269,k,3,24,0,0,0,24,0,0,0,72,0,0,24
57,269,k,3,24,0,0,0,72,0,0,0,24,0,24,0
57,269,k,3,72,0,0,0,24,0,0,0,24,0,0,24
57,284,k,2,0,48,0,0,0,24,24,0,0,0,0,0
57,284,k,2,0,48,0,0,0,24,24,0,0,12,0,0
57,290,k,2,0,0,48,24,0,0,0,24,0,0,24,24
57,290,k,2,0,0,48,24,0,0,0,24,0,12,24,24
57,292,k,2,0,0,48,24,0,0,0,24,0,0,24,24
57,292,k,2,0,0,48,24,0,0,0,24,0,12,24,24
58,57,t,2,24,0,0,0,0,24,0,-24,0,0,0,0
58,81,t,2,0,24,0,24,0,-24,0,0,-24,0,24,0
58,81,t,2,24,0,-24,0,-24,0,0,0,-24,0,0,0
58,112,t,2,24,0,0,0,24,0,0,0,24,0,0,6
58,155,t,2,0,0,24,0,24,0,-24,0,0,0,6,0
58,155,t,2,0,24,0,0,0,24,24,0,0,6,0,0
58,170,t,2,24,0,0,0,24,0,0,0,24,0,0,0
58,275,k,3,0,72,0,24,0,0,0,0,-24,24,0,0
58,275,k,3,24,0,0,0,24,0,0,0,72,0,0,0
58,275,k,3,24,0,0,0,72,0,0,0,24,0,24,0
59,60,t,2,0,-24,0,24,0,0,0,0,24,-6,6,24
59,60,t,2,24,0,0,0,24,0,0,0,24,6,6,24
59,72,t,2,24,0,-24,0,0,-24,0,24,0,-6,-6,0
59,112,t,2,24,0,0,0,24,0,0,0,24,0,0,24
59,125,t,2,24,0,0,0,24,0,0,0,24,0,0,0
59,155,t,2,0,0,24,24,0,0,0,24,0,0,24,24
59,155,t,2,24,0,0,0,0,24,0,-24,0,0,0,0
59,266,k,2,24,0,0,0,24,0,0,0,48,6,6,0
59,266,k,2,24,0,0,0,24,0,0,0,48,6,6,12
59,278,k,2,24,0,0,0,24,0,0,0,48,0,0,12
59,278,k,2,24,0,0,0,24,0,0,0,48,0,0,48
59,278,k,3,0,72,0,24,0,0,0,0,-24,0,0,0
59,278,k,3,24,0,0,0,24,0,0,0,72,0,0,72
59,278,k,3,24,0,0,0,72,0,0,0,24,0,0,0
59,292,k,2,0,0,24,0,24,0,-48,0,0,6,6,-12
59,292,k,2,0,0,24,0,24,0,-48,0,0,6,6,0
59,292,k,2,0,24,0,0,0,24,48,0,0,6,6,0
59,292,k,2,0,24,0,0,0,24,48,0,0,6,6,12
60,72,t,2,24,0,0,0,24,0,0,0,24,0,0,0
60,81,t,2,0,24,0,0,0,24,24,0,0,0,24,24
60,81,t,2,24,0,-24,0,0,-24,0,24,0,0,0,0
60,112,t,2,24,0,0,0,0,-24,0,24,0,0,-6,6
60,143,t,2,0,24,0,24,0,0,0,0,-24,6,6,0
60,149,t,2,0,24,0,0,0,24,24,0,0,0,0,6
60,164,t,2,0,0,24,0,24,0,-24,0,0,0,6,0
60,284,k,3,24,0,0,0,24,0,0,0,72,0,0,24
60,284,k,3,24,0,0,0,72,0,0,0,24,0,0,0
60,284,k,3,72,0,0,0,24,0,0,0,24,24,0,24
61,81,t,2,0,0,24,24,0,0,0,24,0,0,0,0
61,81,t,2,0,24,0,0,0,24,24,0,0,0,24,24
61,81,t,2,24,0,0,0,24,0,0,0,24,24,0,0
61,115,t,2,24,0,0,0,24,0,0,0,24,0,0,24
61,143,t,2,0,0,24,0,24,0,-24,0,0,0,6,0
61,143,t,2,0,24,0,24,0,0,0,0,-24,6,0,0
61,143,t,2,24,0,0,0,0,24,0,-24,0,0,0,-6
61,290,k,3,0,0,72,24,0,0,0,24,0,24,24,24
61,290,k,3,24,0,0,0,24,0,0,0,72,0,0,24
61,290,k,3,24,0,0,0,72,0,0,0,24,0,24,0
62,60,t,2,24,0,0,0,24,0,0,0,24,24,0,24
62,81,t,2,0,0,24,24,0,0,0,24,0,0,0,0
62,81,t,2,0,24,0,24,0,-24,0,0,-24,0,24,0
62,115,t,2,24,0,0,0,24,0,0,0,24,0,0,6
62,128,t,2,0,0,24,24,0,0,0,24,0,0,6,6
62,155,t,2,0,24,0,24,0,0,0,0,-24,6,6,0
62,164,t,2,24,0,0,0,0,24,0,-24,0,0,0,0
62,292,k,3,24,0,0,0,24,0,0,0,72,0,0,24
62,292,k,3,24,0,0,0,72,0,0,0,24,0,24,0
62,292,k,3,72,0,0,0,24,0,0,0,24,24,0,0
63,60,t,2,-12,0,-12,-12,0,12,0,24,0,0,0,0
63,63,t,2,0,-24,0,-24,0,0,0,0,-24,0,0,0
63,90,t,2,24,0,0,0,24,0,0,0,24,0,0,0
63,116,t,2,24,0,0,0,24,0,0,0,24,0,0,0
63,176,t,2,24,0,0,0,24,0,0,0,24,0,0,0
63,185,t,2,0,-24,0,0,0,-24,24,0,0,0,0,6
63,197,t,2,0,0,-24,0,-24,0,-24,0,0,0,0,0
63,239,k,2,0,24,0,0,0,24,24,0,0,24,0,0
63,245,k,2,0,0,24,24,0,0,0,24,0,6,6,0
63,269,k,2,24,0,0,0,24,0,0,0,24,6,6,0
63,275,k,2,0,0,24,24,0,0,0,24,0,0,0,0
63,278,k,2,24,0,0,0,0,-24,0,24,0,24,-6,6
63,284,k,2,24,0,0,0,24,0,0,0,24,0,0,0
63,292,k,2,0,0,24,24,0,0,0,24,0,24,0,0
63,292,k,2,0,24,0,0,0,24,24,0,0,6,6,0
63,298,k,3,24,0,0,0,24,0,0,0,72,0,0,60
63,298,k,3,24,0,0,0,72,0,0,0,24,24,72,12
63,298,k,3,72,0,0,0,24,0,0,0,24,72,0,12
64,63,t,2,0,-24,0,-24,0,0,0,0,-24,0,0,0
64,81,t,2,-12,0,24,-12,0,0,0,-24,0,0,0,0
64,90,t,2,24,0,0,0,24,0,0,0,24,18,6,0
64,116,t,2,24,0,0,0,24,0,0,0,24,6,0,0
64,176,t,2,24,0,0,0,24,0,0,0,24,0,18,0
64,191,t,2,0,-24,0,0,0,-24,24,0,0,-18,-18,6
64,203,t,2,0,0,-24,0,-24,0,-24,0,0,0,0,0
64,251,k,2,24,0,0,0,24,0,0,0,24,0,0,0
64,257,k,2,0,24,0,0,0,24,24,0,0,6,6,0
64,263,k,2,0,0,24,24,0,0,0,24,0,0,0,0
64,266,k,2,24,0,0,0,0,-24,0,24,0,0,0,0
64,269,k,2,0,0,24,24,0,0,0,24,0,6,6,0
64,284,k,2,0,24,0,0,0,24,24,0,0,6,6,0
64,290,k,2,24,0,0,0,24,0,0,0,24,0,0,0
64,292,k,2,0,24,0,24,0,0,0,0,-24,6,6,0
64,304,k,3,24,0,0,0,24,0,0,0,72,0,0,60
64,304,k,3,24,0,0,0,72,0,0,0,24,12,72,12
64,304,k,3,72,0,0,0,24,0,0,0,24,36,0,12
65,57,t,2,-12,0,-12,-12,0,12,0,24,0,0,0,0
65,63,t,2,0,-24,0,-24,0,0,0,0,-24,0,0,0
65,63,t,2,24,0,0,0,24,0,0,0,24,0,0,0
65,119,t,2,24,0,0,0,24,0,0,0,24,0,0,0
65,173,t,2,24,0,0,0,24,0,0,0,24,0,0,0
65,185,t,2,0,-24,0,0,0,-24,24,0,0,0,0,0
65,185,t,2,0,0,-24,0,-24,0,-24,0,0,0,0,0
65,227,k,2,24,0,0,0,24,0,0,0,24,0,0,0
65,233,k,2,24,0,0,0,24,0,0,0,24,0,0,0
65,239,k,2,0,0,24,24,0,0,0,24,0,6,6,0
65,239,k,2,24,0,0,0,0,24,0,-24,0,6,6,0
65,251,k,2,0,0,24,24,0,0,0,24,0,24,0,0
65,251,k,2,24,0,0,0,0,24,0,-24,0,24,0,0
65,263,k,2,24,0,0,0,24,0,0,0,24,0,0,0
65,278,k,2,24,0,0,0,24,0,0,0,24,0,0,0
65,298,k,2,0,24,0,-24,0,0,0,0,48,0,0,0
65,298,k,2,0,24,0,-24,0,0,0,0,48,0,0,12
65,298,k,2,24,0,0,0,24,0,0,0,48,0,0,0
65,298,k,2,24,0,0,0,24,0,0,0,48,0,0,36
65,310,k,2,24,0,0,0,24,0,0,0,48,0,0,0
65,310,k,2,24,0,0,0,24,0,0,0,48,0,0,36
65,310,k,3,0,-72,0,24,0,0,0,0,24,0,0,24
65,310,k,3,24,0,0,0,24,0,0,0,72,0,0,0
65,310,k,3,24,0,0,0,72,0,0,0,24,24,72,0
65,313,k,2,24,0,0,0,24,0,0,0,48,0,0,12
65,313,k,2,24,0,0,0,24,0,0,0,48,0,0,24
65,337,k,2,24,0,0,0,24,0,0,0,48,24,0,0
65,337,k,2,24,0,0,0,24,0,0,0,48,24,0,12
65,338,k,2,24,0,0,0,24,0,0,0,48,24,0,0
65,338,k,2,24,0,0,0,24,0,0,0,48,24,24,12
65,343,k,2,-24,0,0,0,0,24,0,48,0,-24,0,12
65,343,k,2,-24,0,0,0,0,24,0,48,0,0,0,0
65,343,k,2,0,0,-24,-24,0,0,0,48,0,-24,0,0
65,343,k,2,0,0,-24,-24,0,0,0,48,0,0,-24,12
66,57,t,2,-12,0,-12,-12,0,12,0,24,0,0,0,0
66,90,t,2,0,-24,0,-24,0,0,0,0,-24,0,0,0
66,90,t,2,24,0,0,0,24,0,0,0,24,0,0,0
66,119,t,2,24,0,0,0,24,0,0,0,24,0,0,6
66,182,t,2,24,0,0,0,24,0,0,0,24,0,0,0
66,197,t,2,0,-24,0,0,0,-24,24,0,0,0,0,6
66,197,t,2,0,0,-24,0,-24,0,-24,0,0,0,0,-6
66,228,k,2,24,0,0,0,24,0,0,0,24,0,0,6
66,230,k,2,24,0,0,0,24,0,0,0,24,0,0,0
66,245,k,2,0,0,24,0,24,0,-24,0,0,0,0,0
66,245,k,2,0,24,0,0,0,24,24,0,0,24,0,0
66,251,k,2,0,0,24,0,24,0,-24,0,0,6,6,0
66,251,k,2,0,24,0,0,0,24,24,0,0,6,6,0
66,266,k,2,24,0,0,0,24,0,0,0,24,6,6,0
66,275,k,2,24,0,0,0,24,0,0,0,24,0,0,0
66,313,k,3,0,-72,0,24,0,0,0,0,24,0,0,0
66,313,k,3,24,0,0,0,24,0,0,0,72,0,0,36
66,313,k,3,24,0,0,0,72,0,0,0,24,24,72,0
67,63,t,2,0,-24,0,-24,0,0,0,0,-24,0,0,0
67,63,t,2,24,0,0,0,24,0,0,0,24,18,6,0
67,72,t,2,-12,0,24,-12,0,0,0,-24,0,0,0,0
67,119,t,2,24,0,0,0,24,0,0,0,24,6,0,0
67,173,t,2,24,0,0,0,24,0,0,0,24,0,18,0
67,191,t,2,0,-24,0,0,0,-24,24,0,0,-18,-18,0
67,191,t,2,0,0,-24,0,-24,0,-24,0,0,0,0,0
67,230,k,2,0,0,24,24,0,0,0,24,0,0,0,0
67,230,k,2,24,0,0,0,0,-24,0,24,0,6,-6,0
67,239,k,2,0,24,0,24,0,0,0,0,-24,24,0,0
67,239,k,2,24,0,0,0,24,0,0,0,24,6,6,0
67,257,k,2,0,0,24,24,0,0,0,24,0,6,6,0
67,257,k,2,24,0,0,0,0,24,0,-24,0,24,0,0
67,269,k,2,0,0,24,0,24,0,-24,0,0,6,6,0
67,269,k,2,0,24,0,0,0,24,24,0,0,0,0,0
67,304,k,2,0,24,0,-24,0,0,0,0,48,18,-18,0
67,304,k,2,0,24,0,-24,0,0,0,0,48,18,-18,12
67,304,k,2,24,0,0,0,24,0,0,0,48,0,0,0
67,304,k,2,24,0,0,0,24,0,0,0,48,0,0,36
67,316,k,2,24,0,0,0,24,0,0,0,48,0,0,0
67,316,k,2,24,0,0,0,24,0,0,0,48,0,0,36
67,316,k,3,0,-72,0,24,0,0,0,0,24,-54,18,24
67,316,k,3,24,0,0,0,24,0,0,0,72,0,0,0
67,316,k,3,24,0,0,0,72,0,0,0,24,12,72,0
67,322,k,2,24,0,0,0,24,0,0,0,48,6,0,0
67,322,k,2,24,0,0,0,24,0,0,0,48,6,0,36
67,338,k,2,-24,0,0,0,0,24,0,48,0,-18,6,36
67,338,k,2,-24,0,0,0,0,24,0,48,0,-18,18,24
67,338,k,2,0,0,-24,-24,0,0,0,48,0,0,-24,48
67,338,k,2,0,0,-24,-24,0,0,0,48,0,0,0,12
67,341,k,2,24,0,0,0,24,0,0,0,48,24,12,0
67,341,k,2,24,0,0,0,24,0,0,0,48,24,12,12
67,343,k,2,24,0,0,0,24,0,0,0,48,24,12,0
67,343,k,2,24,0,0,0,24,0,0,0,48,24,12,12
68,72,t,2,-12,0,24,-12,0,0,0,-24,0,6,0,-6
68,90,t,2,0,-24,0,-24,0,0,0,0,-24,-6,-12,-6
68,90,t,2,24,0,0,0,24,0,0,0,24,0,18,6
68,119,t,2,24,0,0,0,24,0,0,0,24,0,0,0
68,182,t,2,24,0,0,0,24,0,0,0,24,18,18,0
68,203,t,2,0,-24,0,0,0,-24,24,0,0,0,0,0
68,203,t,2,0,0,-24,0,-24,0,-24,0,0,0,0,0
68,233,k,2,0,0,24,24,0,0,0,24,0,24,0,0
68,233,k,2,24,0,0,0,0,-24,0,24,0,24,0,0
68,245,k,2,0,24,0,24,0,0,0,0,-24,6,0,-6
68,245,k,2,24,0,0,0,24,0,0,0,24,0,6,6
68,257,k,2,0,24,0,24,0,0,0,0,-24,6,0,-6
68,257,k,2,24,0,0,0,24,0,0,0,24,0,6,6
68,284,k,2,0,0,24,24,0,0,0,24,0,6,0,6
68,284,k,2,24,0,0,0,0,24,0,-24,0,24,6,-6
68,322,k,3,0,-72,0,24,0,0,0,0,24,-12,12,24
68,322,k,3,24,0,0,0,24,0,0,0,72,0,0,60
68,322,k,3,24,0,0,0,72,0,0,0,24,24,72,0
69,63,t,2,-24,0,12,0,0,-12,0,-24,0,0,0,0
69,63,t,2,0,-24,0,24,0,-12,0,0,12,0,0,0
69,63,t,2,24,0,-12,0,-24,0,0,0,-12,0,0,0
69,122,t,2,24,0,0,0,24,0,0,0,24,0,0,0
69,209,t,2,-24,0,0,0,0,24,0,24,0,0,0,0
69,209,t,2,0,0,24,24,0,0,0,24,0,0,0,0
69,209,t,2,24,0,0,0,24,0,0,0,24,0,24,24
69,298,k,2,-24,0,0,0,0,24,0,24,0,-12,6,6
69,298,k,2,0,-24,0,0,0,-24,24,0,0,-6,-6,12
69,298,k,2,0,0,-24,0,-24,0,-24,0,0,-6,-6,-12
69,298,k,2,0,0,24,-24,0,0,0,-24,0,6,-12,-6
69,298,k,2,0,24,0,-24,0,0,0,0,24,6,-12,6
69,298,k,2,24,0,0,0,24,0,0,0,24,0,6,18
69,304,k,2,-24,0,0,0,0,24,0,24,0,-24,0,24
69,304,k,2,0,-24,0,0,0,-24,24,0,0,-24,0,24
69,304,k,2,0,0,-24,0,-24,0,-24,0,0,0,0,0
69,304,k,2,0,0,24,-24,0,0,0,-24,0,0,-24,-24
69,304,k,2,0,24,0,-24,0,0,0,0,24,0,0,0
69,304,k,2,24,0,0,0,24,0,0,0,24,0,0,0
69,310,k,2,-24,0,0,0,0,24,0,24,0,-24,0,24
69,310,k,2,0,0,24,-24,0,0,0,-24,0,0,-24,-24
69,310,k,2,24,0,0,0,24,0,0,0,24,0,0,0
69,313,k,2,-24,0,0,0,0,24,0,24,0,-18,0,18
69,313,k,2,0,0,24,-24,0,0,0,-24,0,24,-18,-18
69,313,k,2,24,0,0,0,24,0,0,0,24,18,6,12
69,316,k,2,-24,0,0,0,0,24,0,24,0,-12,6,6
69,316,k,2,0,0,24,-24,0,0,0,-24,0,6,-12,-6
69,316,k,2,24,0,0,0,24,0,0,0,24,0,6,18
69,322,k,2,-24,0,0,0,0,24,0,24,0,-24,0,24
69,322,k,2,0,0,24,-24,0,0,0,-24,0,0,-24,-24
69,322,k,2,24,0,0,0,24,0,0,0,24,0,0,0
69,334,k,3,0,0,-72,-24,0,0,0,24,0,0,0,0
69,334,k,3,24,0,0,0,0,72,0,-24,0,0,0,0
69,334,k,3,24,0,0,0,24,0,0,0,72,0,0,72
70,90,t,2,-24,0,12,0,0,-12,0,-24,0,-9,-3,-3
70,90,t,2,0,-24,0,24,0,-12,0,0,12,-3,9,3
70,90,t,2,24,0,-12,0,-24,0,0,0,-12,9,-9,-3
70,122,t,2,24,0,0,0,24,0,0,0,24,0,0,0
70,212,t,2,-24,0,0,0,0,24,0,24,0,-18,12,18
70,212,t,2,0,0,24,24,0,0,0,24,0,0,0,0
70,212,t,2,24,0,0,0,24,0,0,0,24,0,24,24
70,335,k,3,0,0,-72,-24,0,0,0,24,0,-6,-6,6
70,335,k,3,24,0,0,0,0,72,0,-24,0,12,12,-12
70,335,k,3,24,0,0,0,24,0,0,0,72,18,6,66
71,63,t,2,0,24,0,24,0,-24,-24,0,0,0,0,0
71,63,t,2,24,0,-24,0,-24,0,-24,0,0,-24,0,0
71,63,t,2,24,0,-24,24,0,0,0,-24,0,0,0,0
71,123,t,2,24,0,0,0,24,0,0,0,24,0,0,0
71,215,t,2,0,0,-24,24,0,0,0,-24,0,0,0,0
71,215,t,2,24,0,0,0,0,24,0,-24,0,0,24,-24
71,215,t,2,24,0,0,0,24,0,0,0,24,0,0,24
71,227,k,2,24,0,0,0,24,0,0,0,24,24,0,0
71,228,k,2,24,0,0,0,24,0,0,0,24,24,0,0
71,275,k,2,0,0,24,-24,0,0,0,-24,0,0,0,0
71,275,k,2,24,0,0,0,0,24,0,-24,0,0,0,0
71,275,k,2,24,0,0,0,24,0,0,0,24,12,12,12
71,278,k,2,0,0,24,-24,0,0,0,-24,0,6,0,0
71,278,k,2,24,0,0,0,0,24,0,-24,0,0,6,0
71,278,k,2,24,0,0,0,24,0,0,0,24,12,12,18
71,337,k,3,-24,0,0,0,0,-72,0,-24,0,0,-72,0
71,337,k,3,0,0,-72,-24,0,0,0,24,0,0,0,0
71,337,k,3,24,0,0,0,24,0,0,0,72,0,0,72
72,63,t,2,24,0,-24,24,0,0,0,-24,0,0,0,0
72,90,t,2,0,24,0,24,0,-24,-24,0,0,6,18,-18
72,90,t,2,24,0,-24,0,-24,0,-24,0,0,18,-6,-18
72,123,t,2,24,0,0,0,24,0,0,0,24,0,0,6
72,218,t,2,24,0,0,0,24,0,0,0,24,0,0,0
72,221,t,2,0,-24,0,0,0,24,-24,0,0,-12,6,-18
72,221,t,2,0,0,24,0,24,0,-24,0,0,6,12,-18
72,230,k,2,24,0,0,0,24,0,0,0,24,24,0,12
72,233,k,2,24,0,0,0,24,0,0,0,24,24,0,18
72,263,k,2,24,0,0,0,24,0,0,0,24,12,12,0
72,266,k,2,24,0,0,0,24,0,0,0,24,18,18,6
72,269,k,2,0,24,0,-24,0,0,0,0,24,6,-6,6
72,269,k,2,24,0,0,0,24,0,0,0,24,6,6,18
72,284,k,2,0,24,0,-24,0,0,0,0,24,0,0,0
72,284,k,2,24,0,0,0,24,0,0,0,24,12,12,0
72,338,k,3,0,-72,0,-24,0,0,0,0,-24,0,0,0
72,338,k,3,24,0,0,0,24,0,0,0,72,0,0,72
72,338,k,3,24,0,0,0,72,0,0,0,24,0,0,0
73,90,t,2,0,24,0,24,0,-24,-24,0,0,6,18,-18
73,90,t,2,24,0,-24,0,-24,0,-24,0,0,0,0,0
73,90,t,2,24,0,-24,24,0,0,0,-24,0,-6,18,-6
73,124,t,2,24,0,0,0,24,0,0,0,24,24,24,24
73,218,t,2,0,0,-24,24,0,0,0,-24,0,-24,0,-6
73,218,t,2,24,0,0,0,0,24,0,-24,0,18,6,-12
73,218,t,2,24,0,0,0,24,0,0,0,24,0,6,0
73,257,k,2,0,0,24,-24,0,0,0,-24,0,6,-6,-6
73,257,k,2,0,0,24,0,-24,0,24,0,0,0,0,0
73,257,k,2,0,24,0,-24,0,0,0,0,24,24,0,0
73,257,k,2,0,24,0,0,0,-24,-24,0,0,6,-6,-6
73,257,k,2,24,0,0,0,0,-24,0,24,0,0,0,0
73,257,k,2,24,0,0,0,24,0,0,0,24,18,18,6
73,290,k,2,24,0,0,0,0,-24,0,24,0,6,-6,6
73,290,k,2,24,0,0,0,24,0,0,0,24,12,12,0
73,341,k,3,-24,0,0,0,0,-72,0,-24,0,-18,-30,-18
73,341,k,3,0,0,-72,-24,0,0,0,24,0,0,0,0
73,341,k,3,24,0,0,0,24,0,0,0,72,0,0,72
74,63,t,2,0,24,0,24,0,-24,-24,0,0,0,0,0
74,63,t,2,24,0,-24,0,-24,0,-24,0,0,18,-6,-18
74,90,t,2,24,0,-24,24,0,0,0,-24,0,-6,18,-6
74,124,t,2,24,0,0,0,24,0,0,0,24,24,24,6
74,215,t,2,24,0,0,0,24,0,0,0,24,0,6,24
74,221,t,2,0,0,-24,24,0,0,0,-24,0,0,0,0
74,221,t,2,24,0,0,0,0,24,0,-24,0,18,6,-18
74,239,k,2,0,24,0,-24,0,0,0,0,24,24,0,0
74,239,k,2,24,0,0,0,24,0,0,0,24,18,18,18
74,245,k,2,0,24,0,-24,0,0,0,0,24,24,0,0
74,245,k,2,24,0,0,0,24,0,0,0,24,6,6,6
74,251,k,2,0,24,0,-24,0,0,0,0,24,6,-6,6
74,251,k,2,24,0,0,0,24,0,0,0,24,0,0,0
74,292,k,2,0,24,0,-24,0,0,0,0,24,6,-6,6
74,292,k,2,24,0,0,0,24,0,0,0,24,12,12,12
74,343,k,3,0,-72,0,-24,0,0,0,0,-24,-54,-18,-6
74,343,k,3,24,0,0,0,24,0,0,0,72,0,0,72
74,343,k,3,24,0,0,0,72,0,0,0,24,0,24,0
75,3,t,2,24,0,0,0,0,24,0,-24,0,0,0,0
75,349,k,2,24,-24,0,-24,-24,0,0,0,-24,-12,-12,0
75,349,k,2,24,-24,0,-24,-24,0,0,0,-24,0,0,0
75,349,k,2,24,0,0,0,24,0,0,0,48,0,0,0
75,349,k,3,24,0,0,0,24,0,0,0,72,0,0,0
75,351,k,2,24,0,0,0,24,0,0,0,48,0,0,0
75,353,k,2,24,24,0,-24,24,0,0,0,48,0,0,0
75,353,k,2,24,24,0,-24,24,0,0,0,48,12,12,0
76,6,t,2,24,0,0,0,0,24,0,-24,0,0,0,0
76,350,k,2,24,-24,0,-24,-24,0,0,0,-24,-12,-12,0
76,350,k,2,24,-24,0,-24,-24,0,0,0,-24,0,0,0
76,352,k,3,24,0,0,0,24,0,0,0,72,0,0,0
77,3,t,2,24,0,0,0,0,24,0,-24,0,0,0,0
77,350,k,2,24,0,0,0,24,0,0,0,48,0,0,0
77,351,k,2,24,-24,0,-24,-24,0,0,0,-24,-12,-12,0
77,351,k,2,24,-24,0,-24,-24,0,0,0,-24,0,0,0
77,351,k,3,24,0,0,0,24,0,0,0,72,0,0,0
77,352,k,2,24,0,0,0,24,0,0,0,48,0,0,0
77,354,k,2,24,24,0,-24,24,0,0,0,48,24,12,12
77,354,k,2,24,24,0,-24,24,0,0,0,48,36,0,36
78,6,t,2,24,0,0,0,0,24,0,-24,0,0,0,0
78,350,k,3,24,0,0,0,24,0,0,0,72,0,0,0
78,352,k,2,24,-24,0,-24,-24,0,0,0,-24,-12,-12,0
78,352,k,2,24,-24,0,-24,-24,0,0,0,-24,0,0,0
79,9,t,2,24,0,0,24,0,-24,0,24,0,0,0,0
79,349,k,2,24,0,0,0,-24,0,0,0,-24,24,0,0
79,351,k,2,24,0,0,0,-24,0,0,0,-24,0,-12,0
79,353,k,3,0,24,0,24,0,0,0,0,-72,0,0,0
80,9,t,2,24,0,0,24,0,-24,0,24,0,0,0,0
80,350,k,2,24,0,0,0,-24,0,0,0,-24,6,-6,0
80,352,k,2,24,0,0,0,-24,0,0,0,-24,18,-6,0
80,354,k,3,0,24,0,24,0,0,0,0,-72,12,0,-72
81,3,t,2,24,0,0,0,0,24,0,-24,0,0,0,0
81,355,k,2,24,0,0,0,24,0,0,0,48,0,0,0
81,355,k,2,24,0,0,0,24,0,0,0,48,0,0,12
81,355,k,2,24,24,0,24,-24,0,0,0,-24,0,0,0
81,355,k,2,24,24,0,24,-24,0,0,0,-24,12,12,0
81,355,k,3,24,0,0,0,24,0,0,0,72,0,0,0
81,356,k,2,24,-24,0,24,24,0,0,0,48,0,0,0
81,356,k,2,24,-24,0,24,24,0,0,0,48,0,0,12
82,9,t,2,24,0,0,24,0,-24,0,24,0,0,0,0
82,355,k,2,0,24,0,24,0,0,0,0,-24,24,0,0
82,355,k,2,0,24,0,24,0,0,0,0,-24,24,12,-6
82,356,k,3,-24,0,0,0,24,0,0,0,-72,-24,24,0
83,57,t,2,24,0,0,0,0,24,0,-24,0,0,0,0
83,349,t,2,24,0,0,0,24,0,0,0,24,0,0,0
83,355,t,2,24,0,0,0,24,0,0,0,24,0,0,24
83,357,k,2,24,-24,0,-24,-24,0,0,0,-24,12,-36,0
83,357,k,2,24,-24,0,-24,-24,0,0,0,-24,24,-24,0
83,357,k,2,24,0,0,0,24,0,0,0,48,0,0,0
83,357,k,2,24,0,0,0,24,0,0,0,48,0,0,12
83,357,k,3,24,0,0,0,24,0,0,0,72,0,0,0
83,358,k,2,24,0,0,0,24,0,0,0,48,0,0,0
83,358,k,2,24,0,0,0,24,0,0,0,48,0,0,12
83,359,k,2,24,-24,0,-24,-24,0,0,0,-24,12,-36,0
83,359,k,2,24,-24,0,-24,-24,0,0,0,-24,24,-24,0
83,363,k,2,24,24,0,-24,24,0,0,0,48,36,-12,36
83,363,k,2,24,24,0,-24,24,0,0,0,48,36,-12,48
83,363,k,2,24,24,0,-24,24,0,0,0,48,48,0,12
83,363,k,2,24,24,0,-24,24,0,0,0,48,48,0,48
84,57,t,2,24,0,0,0,0,24,0,-24,0,0,0,0
84,351,t,2,24,0,0,0,24,0,0,0,24,0,0,0
84,355,t,2,24,0,0,0,24,0,0,0,24,0,0,6
84,358,k,2,24,-24,0,-24,-24,0,0,0,-24,12,-36,0
84,358,k,2,24,-24,0,-24,-24,0,0,0,-24,24,-24,0
84,358,k,3,24,0,0,0,24,0,0,0,72,0,0,24
84,361,k,2,24,-24,0,-24,-24,0,0,0,-24,-12,-36,-6
84,361,k,2,24,-24,0,-24,-24,0,0,0,-24,0,-48,-6
85,72,t,2,24,0,-24,0,0,-24,0,24,0,-6,-6,0
85,349,t,2,24,0,0,0,24,0,0,0,24,24,12,0
85,355,t,2,24,0,0,0,24,0,0,0,24,0,0,24
85,359,k,2,24,0,0,0,24,0,0,0,48,0,0,12
85,359,k,2,24,0,0,0,24,0,0,0,48,24,24,0
85,359,k,3,24,0,0,0,24,0,0,0,72,0,0,0
85,361,k,2,24,0,0,0,24,0,0,0,48,0,0,12
85,361,k,2,24,0,0,0,24,0,0,0,48,24,24,0
86,72,t,2,24,0,-24,0,0,-24,0,24,0,-6,-6,6
86,351,t,2,24,0,0,0,24,0,0,0,24,24,12,0
86,355,t,2,24,0,0,0,24,0,0,0,24,0,0,24
86,361,k,3,24,0,0,0,24,0,0,0,72,0,0,0
86,364,k,2,24,24,0,-24,24,0,0,0,48,12,-12,12
86,364,k,2,24,24,0,-24,24,0,0,0,48,24,-24,48
86,364,k,2,24,24,0,-24,24,0,0,0,48,36,-12,48
86,364,k,2,24,24,0,-24,24,0,0,0,48,48,0,12
87,63,t,2,24,0,0,24,0,-24,0,24,0,0,0,0
87,353,t,2,24,0,0,0,24,0,0,0,24,0,0,0
87,356,t,2,24,0,0,0,24,0,0,0,24,0,0,0
87,357,k,2,24,0,0,0,-24,0,0,0,-24,0,0,0
87,358,k,2,24,0,0,0,-24,0,0,0,-24,0,-12,0
87,359,k,2,24,0,0,0,-24,0,0,0,-24,12,0,-6
87,361,k,2,24,0,0,0,-24,0,0,0,-24,0,0,0
87,363,k,3,0,24,0,24,0,0,0,0,-72,24,0,-72
88,90,t,2,24,0,0,24,0,-24,0,24,0,12,6,3
88,354,t,2,24,0,0,0,24,0,0,0,24,0,0,0
88,356,t,2,24,0,0,0,24,0,0,0,24,0,0,0
88,364,k,3,0,24,0,24,0,0,0,0,-72,12,0,-54
89,108,t,2,24,0,0,0,24,0,0,0,24,0,0,24
89,119,t,2,24,24,0,-24,24,0,0,0,24,0,0,24
89,349,t,2,24,0,0,0,24,0,0,0,24,0,0,0
89,366,k,2,24,0,0,0,24,0,0,0,48,0,0,0
89,366,k,2,24,0,0,0,24,0,0,0,48,0,0,12
89,366,k,2,24,24,0,-24,24,0,0,0,24,36,-12,0
89,366,k,2,24,24,0,-24,24,0,0,0,24,48,0,0
89,366,k,3,24,0,0,0,24,0,0,0,72,0,0,0
89,367,k,2,24,24,0,-24,24,0,0,0,24,24,0,0
89,367,k,2,24,24,0,-24,24,0,0,0,24,36,12,0
89,370,k,2,24,0,0,0,24,0,0,0,48,0,0,0
89,370,k,2,24,0,0,0,24,0,0,0,48,0,0,12
89,374,k,2,24,24,0,-24,24,0,0,0,48,12,12,36
89,374,k,2,24,24,0,-24,24,0,0,0,48,36,-12,48
89,374,k,2,24,24,0,-24,24,0,0,0,48,48,0,12
89,374,k,2,24,24,0,-24,24,0,0,0,48,48,0,48
90,112,t,2,24,0,0,0,24,0,0,0,24,0,0,24
90,119,t,2,24,24,0,-24,24,0,0,0,24,0,0,24
90,349,t,2,24,0,0,0,24,0,0,0,24,24,12,0
90,367,k,2,24,0,0,0,24,0,0,0,48,24,24,0
90,367,k,2,24,0,0,0,24,0,0,0,48,24,24,12
90,367,k,3,24,0,0,0,24,0,0,0,72,0,0,0
90,371,k,2,24,0,0,0,24,0,0,0,48,24,24,0
90,371,k,2,24,0,0,0,24,0,0,0,48,24,24,12
91,109,t,2,24,0,0,0,24,0,0,0,24,0,0,6
91,116,t,2,24,24,0,-24,24,0,0,0,24,0,0,3
91,350,t,2,24,0,0,0,24,0,0,0,24,0,0,0
91,368,k,2,24,24,0,-24,24,0,0,0,24,0,0,9
91,368,k,2,24,24,0,-24,24,0,0,0,24,12,-12,9
91,369,k,2,24,24,0,-24,24,0,0,0,24,24,0,6
91,369,k,2,24,24,0,-24,24,0,0,0,24,36,12,6
91,372,k,3,24,0,0,0,24,0,0,0,72,0,0,0
92,115,t,2,24,0,0,0,24,0,0,0,24,6,0,9
92,116,t,2,24,24,0,-24,24,0,0,0,24,0,0,6
92,350,t,2,24,0,0,0,24,0,0,0,24,24,12,0
92,373,k,3,24,0,0,0,24,0,0,0,72,0,0,0
93,108,t,2,24,0,0,0,24,0,0,0,24,0,0,24
93,119,t,2,24,24,0,-24,24,0,0,0,24,0,0,6
93,351,t,2,24,0,0,0,24,0,0,0,24,0,0,0
93,368,k,2,24,0,0,0,24,0,0,0,48,0,0,0
93,368,k,2,24,0,0,0,24,0,0,0,48,0,0,12
93,370,k,2,24,24,0,-24,24,0,0,0,24,0,0,18
93,370,k,2,24,24,0,-24,24,0,0,0,24,12,-12,18
93,370,k,3,24,0,0,0,24,0,0,0,72,0,0,24
93,371,k,2,24,24,0,-24,24,0,0,0,24,24,0,12
93,371,k,2,24,24,0,-24,24,0,0,0,24,36,12,12
93,372,k,2,24,0,0,0,24,0,0,0,48,0,0,0
93,372,k,2,24,0,0,0,24,0,0,0,48,0,0,12
93,375,k,2,24,24,0,-24,24,0,0,0,48,24,12,0
93,375,k,2,24,24,0,-24,24,0,0,0,48,24,12,12
93,375,k,2,24,24,0,-24,24,0,0,0,48,36,0,36
93,375,k,2,24,24,0,-24,24,0,0,0,48,36,0,48
94,112,t,2,24,0,0,0,24,0,0,0,24,0,0,6
94,119,t,2,24,24,0,-24,24,0,0,0,24,0,0,24
94,351,t,2,24,0,0,0,24,0,0,0,24,24,12,0
94,369,k,2,24,0,0,0,24,0,0,0,48,24,24,0
94,369,k,2,24,0,0,0,24,0,0,0,48,24,24,12
94,371,k,3,24,0,0,0,24,0,0,0,72,0,0,0
94,373,k,2,24,0,0,0,24,0,0,0,48,24,24,0
94,373,k,2,24,0,0,0,24,0,0,0,48,24,24,12
95,109,t,2,24,0,0,0,24,0,0,0,24,0,0,6
95,116,t,2,24,24,0,-24,24,0,0,0,24,0,0,9
95,352,t,2,24,0,0,0,24,0,0,0,24,0,0,0
95,368,k,3,24,0,0,0,24,0,0,0,72,0,0,12
95,372,k,2,24,24,0,-24,24,0,0,0,24,0,0,3
95,372,k,2,24,24,0,-24,24,0,0,0,24,12,-12,3
95,373,k,2,24,24,0,-24,24,0,0,0,24,24,0,18
95,373,k,2,24,24,0,-24,24,0,0,0,24,36,12,18
96,115,t,2,24,0,0,0,24,0,0,0,24,6,0,3
96,116,t,2,24,24,0,-24,24,0,0,0,24,0,0,6
96,352,t,2,24,0,0,0,24,0,0,0,24,24,12,0
96,369,k,3,24,0,0,0,24,0,0,0,72,0,0,0
97,122,t,2,0,24,24,0,24,-24,-24,0,0,0,0,0
97,123,t,2,24,0,0,0,24,0,0,0,24,0,0,0
97,353,t,2,24,0,0,0,24,0,0,0,24,0,0,0
97,366,k,2,24,0,0,0,24,0,0,0,24,0,0,0
97,367,k,2,24,0,0,0,24,0,0,0,24,0,12,18
97,370,k,2,24,0,0,0,24,0,0,0,24,0,12,0
97,371,k,2,24,0,0,0,24,0,0,0,24,12,12,12
97,374,k,3,24,0,0,0,24,0,0,0,72,0,0,0
98,122,t,2,0,24,24,0,24,-24,-24,0,0,0,0,0
98,124,t,2,24,0,0,0,24,0,0,0,24,0,6,21
98,354,t,2,24,0,0,0,24,0,0,0,24,0,0,0
98,368,k,2,24,0,0,0,24,0,0,0,24,6,18,9
98,369,k,2,24,0,0,0,24,0,0,0,24,6,6,0
98,372,k,2,24,0,0,0,24,0,0,0,24,18,18,9
98,373,k,2,24,0,0,0,24,0,0,0,24,18,6,18
98,375,k,3,24,0,0,0,24,0,0,0,72,12,0,6
99,125,t,2,24,0,0,0,24,0,0,0,24,0,0,0
99,173,t,2,24,24,0,-24,24,0,0,0,24,0,0,0
99,349,t,2,24,0,0,0,24,0,0,0,24,0,0,0
99,376,k,2,24,-24,0,-24,-24,0,0,0,-24,12,-36,0
99,376,k,2,24,-24,0,-24,-24,0,0,0,-24,24,-24,0
99,376,k,2,24,0,0,0,24,0,0,0,48,0,0,0
99,376,k,3,24,0,0,0,24,0,0,0,72,0,0,0
99,377,k,2,24,-24,0,-24,-24,0,0,0,-24,12,-36,0
99,377,k,2,24,-24,0,-24,-24,0,0,0,-24,24,-24,0
99,378,k,2,24,0,0,0,24,0,0,0,48,0,0,0
99,380,k,2,24,0,0,0,24,0,0,0,48,0,0,0
99,382,k,2,24,0,0,0,24,0,0,0,48,0,0,0
99,384,k,2,24,24,0,-24,24,0,0,0,48,36,-12,48
99,384,k,2,24,24,0,-24,24,0,0,0,48,48,0,48
99,385,k,2,24,24,0,-24,24,0,0,0,48,36,-12,48
99,385,k,2,24,24,0,-24,24,0,0,0,48,48,0,48
100,161,t,2,24,0,0,0,24,0,0,0,24,0,0,0
100,173,t,2,24,24,0,-24,24,0,0,0,24,36,0,0
100,349,t,2,24,0,0,0,24,0,0,0,24,0,0,0
100,377,k,2,24,0,0,0,24,0,0,0,48,0,0,0
100,377,k,3,24,0,0,0,24,0,0,0,72,0,0,0
100,379,k,2,24,0,0,0,24,0,0,0,48,0,12,0
100,381,k,2,24,0,0,0,24,0,0,0,48,0,0,0
100,383,k,2,24,0,0,0,24,0,0,0,48,0,0,0
101,134,t,2,24,0,0,0,24,0,0,0,24,0,0,0
101,173,t,2,24,24,0,-24,24,0,0,0,24,0,0,0
101,351,t,2,24,0,0,0,24,0,0,0,24,0,0,0
101,378,k,3,24,0,0,0,24,0,0,0,72,0,0,0
101,382,k,2,24,-24,0,-24,-24,0,0,0,-24,12,-36,0
101,382,k,2,24,-24,0,-24,-24,0,0,0,-24,24,-24,0
101,383,k,2,24,-24,0,-24,-24,0,0,0,-24,12,-36,0
101,383,k,2,24,-24,0,-24,-24,0,0,0,-24,24,-24,0
102,170,t,2,24,0,0,0,24,0,0,0,24,0,0,0
102,173,t,2,24,24,0,-24,24,0,0,0,24,0,0,0
102,351,t,2,24,0,0,0,24,0,0,0,24,24,12,0
102,379,k,3,24,0,0,0,24,0,0,0,72,0,0,0
102,386,k,2,24,24,0,-24,24,0,0,0,48,24,-24,48
102,386,k,2,24,24,0,-24,24,0,0,0,48,36,-12,48
102,387,k,2,24,24,0,-24,24,0,0,0,48,24,-24,48
102,387,k,2,24,24,0,-24,24,0,0,0,48,36,-12,48
103,134,t,2,24,0,0,0,24,0,0,0,24,0,0,0
103,182,t,2,24,24,0,-24,24,0,0,0,24,0,0,0
103,349,t,2,24,0,0,0,24,0,0,0,24,0,0,0
103,380,k,2,24,-24,0,-24,-24,0,0,0,-24,12,-36,0
103,380,k,2,24,-24,0,-24,-24,0,0,0,-24,24,-24,0
103,380,k,3,24,0,0,0,24,0,0,0,72,0,0,0
103,381,k,2,24,-24,0,-24,-24,0,0,0,-24,12,-36,0
103,381,k,2,24,-24,0,-24,-24,0,0,0,-24,24,-24,0
104,170,t,2,24,0,0,0,24,0,0,0,24,0,0,0
104,182,t,2,24,24,0,-24,24,0,0,0,24,36,0,0
104,349,t,2,24,0,0,0,24,0,0,0,24,0,0,0
104,381,k,3,24,0,0,0,24,0,0,0,72,0,0,0
105,125,t,2,24,0,0,0,24,0,0,0,24,0,0,0
105,182,t,2,24,24,0,-24,24,0,0,0,24,0,0,0
105,351,t,2,24,0,0,0,24,0,0,0,24,0,0,0
105,378,k,2,24,-24,0,-24,-24,0,0,0,-24,12,-36,0
105,378,k,2,24,-24,0,-24,-24,0,0,0,-24,24,-24,0
105,379,k,2,24,-24,0,-24,-24,0,0,0,-24,12,-36,0
105,379,k,2,24,-24,0,-24,-24,0,0,0,-24,24,-24,0
105,382,k,3,24,0,0,0,24,0,0,0,72,0,0,0
106,161,t,2,24,0,0,0,24,0,0,0,24,0,0,0
106,182,t,2,24,24,0,-24,24,0,0,0,24,36,0,0
106,351,t,2,24,0,0,0,24,0,0,0,24,0,0,0
106,383,k,3,24,0,0,0,24,0,0,0,72,0,0,0
107,209,t,2,24,24,0,24,-24,0,0,0,-24,0,0,0
107,215,t,2,24,0,0,0,24,0,0,0,24,0,0,24
107,353,t,2,24,0,0,0,24,0,0,0,24,0,0,0
107,376,k,2,24,0,0,0,-24,0,0,0,-24,0,0,0
107,379,k,2,24,0,0,0,-24,0,0,0,-24,0,0,0
107,381,k,2,24,0,0,0,-24,0,0,0,-24,0,0,0
107,382,k,2,24,0,0,0,-24,0,0,0,-24,0,-12,0
107,384,k,3,0,24,0,24,0,0,0,0,-72,0,0,-72
108,209,t,2,24,24,0,24,-24,0,0,0,-24,36,0,-12
108,218,t,2,24,0,0,0,24,0,0,0,24,0,0,0
108,353,t,2,24,0,0,0,24,0,0,0,24,0,0,0
108,377,k,2,24,0,0,0,-24,0,0,0,-24,0,0,0
108,378,k,2,24,0,0,0,-24,0,0,0,-24,0,-12,0
108,380,k,2,24,0,0,0,-24,0,0,0,-24,0,0,0
108,383,k,2,24,0,0,0,-24,0,0,0,-24,0,-12,0
108,385,k,3,0,24,0,24,0,0,0,0,-72,0,0,-72
109,212,t,2,24,24,0,24,-24,0,0,0,-24,0,0,0
109,215,t,2,24,0,0,0,24,0,0,0,24,0,0,24
109,354,t,2,24,0,0,0,24,0,0,0,24,0,0,0
109,386,k,3,0,24,0,24,0,0,0,0,-72,12,0,-72
110,212,t,2,24,24,0,24,-24,0,0,0,-24,36,0,-12
110,218,t,2,24,0,0,0,24,0,0,0,24,0,0,0
110,354,t,2,24,0,0,0,24,0,0,0,24,0,0,0
110,387,k,3,0,24,0,24,0,0,0,0,-72,12,0,-72
111,108,t,2,24,0,0,0,24,0,0,0,24,0,0,24
111,173,t,2,24,24,0,-24,24,0,0,0,24,0,0,0
111,355,t,2,24,0,0,0,24,0,0,0,24,0,0,24
111,388,k,2,24,0,0,0,24,0,0,0,48,0,0,12
111,388,k,2,24,0,0,0,24,0,0,0,48,0,0,48
111,388,k,3,24,0,0,0,24,0,0,0,72,0,0,0
111,389,k,2,24,0,0,0,24,0,0,0,48,0,0,12
111,389,k,2,24,0,0,0,24,0,0,0,48,0,0,48
111,392,k,2,24,24,0,-24,24,0,0,0,24,24,-24,0
111,392,k,2,24,24,0,-24,24,0,0,0,24,36,-12,0
111,394,k,2,24,24,0,-24,24,0,0,0,24,12,-12,0
111,394,k,2,24,24,0,-24,24,0,0,0,24,24,0,0
111,396,k,2,24,-24,0,24,24,0,0,0,48,-24,24,12
111,396,k,2,24,-24,0,24,24,0,0,0,48,0,48,48
111,397,k,2,24,-24,0,24,24,0,0,0,48,-24,24,12
111,397,k,2,24,-24,0,24,24,0,0,0,48,0,48,48
112,108,t,2,24,0,0,0,24,0,0,0,24,0,0,6
112,182,t,2,24,24,0,-24,24,0,0,0,24,0,0,0
112,355,t,2,24,0,0,0,24,0,0,0,24,0,0,24
112,389,k,3,24,0,0,0,24,0,0,0,72,0,0,0
112,393,k,2,24,24,0,-24,24,0,0,0,24,24,-24,12
112,393,k,2,24,24,0,-24,24,0,0,0,24,36,-12,12
112,395,k,2,24,24,0,-24,24,0,0,0,24,12,-12,12
112,395,k,2,24,24,0,-24,24,0,0,0,24,24,0,12
113,112,t,2,24,0,0,0,24,0,0,0,24,0,0,24
113,173,t,2,24,24,0,-24,24,0,0,0,24,36,0,0
113,355,t,2,24,0,0,0,24,0,0,0,24,0,0,24
113,390,k,2,24,0,0,0,24,0,0,0,48,0,0,12
113,390,k,2,24,0,0,0,24,0,0,0,48,0,0,48
113,390,k,3,24,0,0,0,24,0,0,0,72,0,0,0
113,391,k,2,24,0,0,0,24,0,0,0,48,0,0,12
113,391,k,2,24,0,0,0,24,0,0,0,48,0,0,48
114,112,t,2,24,0,0,0,24,0,0,0,24,0,0,6
114,182,t,2,24,24,0,-24,24,0,0,0,24,36,0,0
114,355,t,2,24,0,0,0,24,0,0,0,24,0,0,24
114,391,k,3,24,0,0,0,24,0,0,0,72,0,0,0
115,119,t,2,24,24,0,-24,24,0,0,0,24,0,0,24
115,125,t,2,24,0,0,0,24,0,0,0,24,0,0,0
115,355,t,2,24,0,0,0,24,0,0,0,24,0,0,24
115,388,k,2,24,-24,0,24,24,0,0,0,24,0,0,0
115,388,k,2,24,-24,0,24,24,0,0,0,24,12,12,0
115,390,k,2,24,-24,0,24,24,0,0,0,24,-12,12,0
115,390,k,2,24,-24,0,24,24,0,0,0,24,0,24,0
115,392,k,2,24,0,0,0,24,0,0,0,48,0,0,12
115,392,k,2,24,0,0,0,24,0,0,0,48,0,0,48
115,392,k,3,24,0,0,0,24,0,0,0,72,0,0,0
115,393,k,2,24,0,0,0,24,0,0,0,48,0,0,12
115,393,k,2,24,0,0,0,24,0,0,0,48,0,0,48
115,398,k,2,24,-24,0,24,24,0,0,0,48,-24,24,12
115,398,k,2,24,-24,0,24,24,0,0,0,48,0,48,48
115,398,k,2,24,-24,0,24,24,0,0,0,48,12,12,48
115,398,k,2,24,-24,0,24,24,0,0,0,48,12,36,36
116,119,t,2,24,24,0,-24,24,0,0,0,24,0,0,6
116,134,t,2,24,0,0,0,24,0,0,0,24,0,0,0
116,355,t,2,24,0,0,0,24,0,0,0,24,0,0,24
116,389,k,2,24,-24,0,24,24,0,0,0,24,0,0,12
116,389,k,2,24,-24,0,24,24,0,0,0,24,12,12,12
116,391,k,2,24,-24,0,24,24,0,0,0,24,-12,12,12
116,391,k,2,24,-24,0,24,24,0,0,0,24,0,24,12
116,393,k,3,24,0,0,0,24,0,0,0,72,0,0,24
117,119,t,2,24,24,0,-24,24,0,0,0,24,36,0,24
117,161,t,2,24,0,0,0,24,0,0,0,24,0,0,0
117,355,t,2,24,0,0,0,24,0,0,0,24,0,0,24
117,394,k,2,24,0,0,0,24,0,0,0,48,0,0,12
117,394,k,2,24,0,0,0,24,0,0,0,48,0,0,48
117,394,k,3,24,0,0,0,24,0,0,0,72,0,0,0
117,395,k,2,24,0,0,0,24,0,0,0,48,0,0,12
117,395,k,2,24,0,0,0,24,0,0,0,48,0,0,48
118,119,t,2,24,24,0,-24,24,0,0,0,24,36,0,6
118,170,t,2,24,0,0,0,24,0,0,0,24,0,0,0
118,355,t,2,24,0,0,0,24,0,0,0,24,0,0,24
118,395,k,3,24,0,0,0,24,0,0,0,72,0,0,24
118,399,k,2,24,-24,0,24,24,0,0,0,48,-24,24,12
118,399,k,2,24,-24,0,24,24,0,0,0,48,0,48,48
118,399,k,2,24,-24,0,24,24,0,0,0,48,12,12,48
118,399,k,2,24,-24,0,24,24,0,0,0,48,12,36,36
119,122,t,2,0,24,24,0,24,-24,-24,0,0,0,0,0
119,215,t,2,24,0,0,0,24,0,0,0,24,0,0,24
119,356,t,2,24,0,0,0,24,0,0,0,24,0,0,0
119,392,k,2,24,0,0,0,24,0,0,0,24,0,0,0
119,392,k,2,24,0,0,0,24,0,0,0,24,0,12,18
119,395,k,2,24,0,0,0,24,0,0,0,24,12,0,6
119,395,k,2,24,0,0,0,24,0,0,0,24,12,12,12
119,396,k,3,0,24,0,-24,0,0,0,0,72,0,0,0
120,122,t,2,0,24,24,0,24,-24,-24,0,0,24,0,-6
120,218,t,2,24,0,0,0,24,0,0,0,24,0,0,0
120,356,t,2,24,0,0,0,24,0,0,0,24,0,0,0
120,393,k,2,24,0,0,0,24,0,0,0,24,0,0,12
120,393,k,2,24,0,0,0,24,0,0,0,24,0,12,6
120,394,k,2,24,0,0,0,24,0,0,0,24,12,0,18
120,394,k,2,24,0,0,0,24,0,0,0,24,12,12,0
120,397,k,3,0,24,0,-24,0,0,0,0,72,0,0,24
121,123,t,2,24,0,0,0,24,0,0,0,24,0,0,0
121,209,t,2,24,24,0,24,-24,0,0,0,-24,0,0,0
121,356,t,2,24,0,0,0,24,0,0,0,24,0,0,0
121,388,k,2,0,24,0,24,0,0,0,0,-24,0,0,0
121,389,k,2,0,24,0,24,0,0,0,0,-24,0,12,-6
121,390,k,2,0,24,0,24,0,0,0,0,-24,0,12,-6
121,391,k,2,0,24,0,24,0,0,0,0,-24,0,0,0
121,398,k,3,24,0,0,0,24,0,0,0,72,0,24,0
122,124,t,2,24,0,0,0,24,0,0,0,24,0,6,21
122,212,t,2,24,24,0,24,-24,0,0,0,-24,0,0,0
122,356,t,2,24,0,0,0,24,0,0,0,24,0,0,0
122,399,k,3,24,0,0,0,24,0,0,0,72,0,12,54
123,227,t,2,24,0,0,0,24,0,0,0,24,0,0,0
123,310,t,2,24,24,0,-24,24,0,0,0,24,0,0,0
123,357,t,2,24,0,0,0,24,0,0,0,24,0,0,0
123,366,t,2,24,0,0,0,24,0,0,0,24,0,0,0
123,376,t,2,24,0,0,0,24,0,0,0,24,0,0,0
123,388,t,2,24,0,0,0,24,0,0,0,24,0,0,0
123,392,t,2,24,0,0,0,24,0,0,0,24,0,0,0
123,400,k,2,24,0,0,0,24,0,0,0,48,0,0,0
123,400,k,2,24,0,0,0,24,0,0,0,48,0,0,12
123,400,k,2,24,24,0,-24,24,0,0,0,24,0,0,0
123,400,k,2,24,24,0,-24,24,0,0,0,24,12,12,0
123,400,k,3,24,0,0,0,24,0,0,0,72,0,0,0
123,401,k,2,24,0,0,0,24,0,0,0,48,0,0,0
123,401,k,2,24,0,0,0,24,0,0,0,48,0,0,12
123,402,k,2,24,24,0,-24,24,0,0,0,24,0,0,0
123,402,k,2,24,24,0,-24,24,0,0,0,24,12,12,0
123,406,k,2,24,24,0,-24,24,0,0,0,24,12,-12,0
123,406,k,2,24,24,0,-24,24,0,0,0,24,24,0,0
123,408,k,2,24,24,0,-24,24,0,0,0,24,12,-12,0
123,408,k,2,24,24,0,-24,24,0,0,0,24,24,0,0
123,412,k,2,24,0,0,0,24,0,0,0,48,0,0,0
123,412,k,2,24,0,0,0,24,0,0,0,48,0,0,12
123,413,k,2,24,0,0,0,24,0,0,0,48,0,0,0
123,413,k,2,24,0,0,0,24,0,0,0,48,0,0,12
123,424,k,2,24,24,0,-24,24,0,0,0,48,0,0,0
123,424,k,2,24,24,0,-24,24,0,0,0,48,0,0,12
123,424,k,2,24,24,0,-24,24,0,0,0,48,12,12,0
123,424,k,2,24,24,0,-24,24,0,0,0,48,12,12,36
123,425,k,2,24,24,0,-24,24,0,0,0,48,0,0,0
123,425,k,2,24,24,0,-24,24,0,0,0,48,0,0,12
123,425,k,2,24,24,0,-24,24,0,0,0,48,12,12,0
123,425,k,2,24,24,0,-24,24,0,0,0,48,12,12,36
124,230,t,2,24,0,0,0,24,0,0,0,24,0,0,0
124,313,t,2,24,24,0,-24,24,0,0,0,24,0,0,0
124,357,t,2,24,0,0,0,24,0,0,0,24,0,0,0
124,366,t,2,24,0,0,0,24,0,0,0,24,0,0,6
124,380,t,2,24,0,0,0,24,0,0,0,24,0,0,0
124,389,t,2,24,0,0,0,24,0,0,0,24,0,0,0
124,393,t,2,24,0,0,0,24,0,0,0,24,0,0,0
124,401,k,2,24,24,0,-24,24,0,0,0,24,0,0,12
124,401,k,2,24,24,0,-24,24,0,0,0,24,12,12,12
124,401,k,3,24,0,0,0,24,0,0,0,72,0,0,24
124,404,k,2,24,24,0,-24,24,0,0,0,24,0,0,18
124,404,k,2,24,24,0,-24,24,0,0,0,24,36,12,18
124,407,k,2,24,24,0,-24,24,0,0,0,24,24,0,12
124,407,k,2,24,24,0,-24,24,0,0,0,24,36,12,12
124,410,k,2,24,24,0,-24,24,0,0,0,24,24,0,12
124,410,k,2,24,24,0,-24,24,0,0,0,24,36,12,12
125,233,t,2,24,0,0,0,24,0,0,0,24,0,0,0
125,316,t,2,24,24,0,-24,24,0,0,0,24,6,-6,0
125,359,t,2,24,0,0,0,24,0,0,0,24,0,12,0
125,366,t,2,24,0,0,0,24,0,0,0,24,0,0,0
125,377,t,2,24,0,0,0,24,0,0,0,24,0,0,0
125,388,t,2,24,0,0,0,24,0,0,0,24,12,0,0
125,394,t,2,24,0,0,0,24,0,0,0,24,12,0,0
125,402,k,2,24,0,0,0,24,0,0,0,48,0,0,0
125,402,k,2,24,0,0,0,24,0,0,0,48,0,0,12
125,402,k,3,24,0,0,0,24,0,0,0,72,0,0,0
125,404,k,2,24,0,0,0,24,0,0,0,48,0,0,0
125,404,k,2,24,0,0,0,24,0,0,0,48,0,0,12
125,414,k,2,24,0,0,0,24,0,0,0,48,0,12,0
125,414,k,2,24,0,0,0,24,0,0,0,48,12,0,12
125,416,k,2,24,0,0,0,24,0,0,0,48,0,12,0
125,416,k,2,24,0,0,0,24,0,0,0,48,12,0,12
126,228,t,2,24,0,0,0,24,0,0,0,24,0,0,0
126,322,t,2,24,24,0,-24,24,0,0,0,24,0,0,0
126,359,t,2,24,0,0,0,24,0,0,0,24,12,0,6
126,366,t,2,24,0,0,0,24,0,0,0,24,0,0,0
126,381,t,2,24,0,0,0,24,0,0,0,24,0,0,0
126,389,t,2,24,0,0,0,24,0,0,0,24,12,0,6
126,395,t,2,24,0,0,0,24,0,0,0,24,12,0,6
126,404,k,3,24,0,0,0,24,0,0,0,72,0,0,0
127,263,t,2,24,0,0,0,24,0,0,0,24,0,0,0
127,310,t,2,24,24,0,-24,24,0,0,0,24,36,0,0
127,357,t,2,24,0,0,0,24,0,0,0,24,0,0,0
127,367,t,2,24,0,0,0,24,0,0,0,24,0,12,0
127,377,t,2,24,0,0,0,24,0,0,0,24,0,0,0
127,390,t,2,24,0,0,0,24,0,0,0,24,0,0,0
127,394,t,2,24,0,0,0,24,0,0,0,24,0,0,0
127,406,k,2,24,0,0,0,24,0,0,0,48,0,0,0
127,406,k,2,24,0,0,0,24,0,0,0,48,0,0,12
127,406,k,3,24,0,0,0,24,0,0,0,72,0,0,0
127,407,k,2,24,0,0,0,24,0,0,0,48,0,0,0
127,407,k,2,24,0,0,0,24,0,0,0,48,0,0,12
127,418,k,2,24,0,0,0,24,0,0,0,48,0,0,0
127,418,k,2,24,0,0,0,24,0,0,0,48,0,0,12
127,419,k,2,24,0,0,0,24,0,0,0,48,0,12,0
127,419,k,2,24,0,0,0,24,0,0,0,48,12,0,12
128,275,t,2,24,0,0,0,24,0,0,0,24,0,0,0
128,313,t,2,24,24,0,-24,24,0,0,0,24,36,0,0
128,357,t,2,24,0,0,0,24,0,0,0,24,0,0,0
128,367,t,2,24,0,0,0,24,0,0,0,24,12,0,6
128,381,t,2,24,0,0,0,24,0,0,0,24,0,0,0
128,391,t,2,24,0,0,0,24,0,0,0,24,0,0,0
128,395,t,2,24,0,0,0,24,0,0,0,24,0,0,0
128,407,k,3,24,0,0,0,24,0,0,0,72,0,24,24
129,278,t,2,24,0,0,0,24,0,0,0,24,0,0,0
129,316,t,2,24,24,0,-24,24,0,0,0,24,6,-6,0
129,359,t,2,24,0,0,0,24,0,0,0,24,0,0,0
129,367,t,2,24,0,0,0,24,0,0,0,24,0,0,0
129,376,t,2,24,0,0,0,24,0,0,0,24,0,12,0
129,390,t,2,24,0,0,0,24,0,0,0,24,0,0,0
129,392,t,2,24,0,0,0,24,0,0,0,24,0,0,0
129,408,k,2,24,0,0,0,24,0,0,0,48,0,0,0
129,408,k,2,24,0,0,0,24,0,0,0,48,0,0,12
129,408,k,3,24,0,0,0,24,0,0,0,72,0,0,0
129,410,k,2,24,0,0,0,24,0,0,0,48,0,0,0
129,410,k,2,24,0,0,0,24,0,0,0,48,0,0,12
129,420,k,2,24,0,0,0,24,0,0,0,48,0,0,0
129,420,k,2,24,0,0,0,24,0,0,0,48,0,0,12
129,422,k,2,24,0,0,0,24,0,0,0,48,0,0,0
129,422,k,2,24,0,0,0,24,0,0,0,48,0,0,12
130,266,t,2,24,0,0,0,24,0,0,0,24,6,6,0
130,322,t,2,24,24,0,-24,24,0,0,0,24,0,0,6
130,359,t,2,24,0,0,0,24,0,0,0,24,0,0,0
130,367,t,2,24,0,0,0,24,0,0,0,24,0,0,6
130,380,t,2,24,0,0,0,24,0,0,0,24,0,12,0
130,391,t,2,24,0,0,0,24,0,0,0,24,0,0,0
130,393,t,2,24,0,0,0,24,0,0,0,24,0,0,0
130,410,k,3,24,0,0,0,24,0,0,0,72,0,0,24
131,227,t,2,24,0,0,0,24,0,0,0,24,0,0,0
131,313,t,2,24,24,0,-24,24,0,0,0,24,0,0,0
131,358,t,2,24,0,0,0,24,0,0,0,24,0,0,0
131,370,t,2,24,0,0,0,24,0,0,0,24,0,0,0
131,382,t,2,24,0,0,0,24,0,0,0,24,0,0,0
131,389,t,2,24,0,0,0,24,0,0,0,24,0,0,6
131,392,t,2,24,0,0,0,24,0,0,0,24,0,0,6
131,412,k,3,24,0,0,0,24,0,0,0,72,0,0,24
131,413,k,2,24,24,0,-24,24,0,0,0,24,0,0,12
131,413,k,2,24,24,0,-24,24,0,0,0,24,12,12,12
131,416,k,2,24,24,0,-24,24,0,0,0,24,0,0,18
131,416,k,2,24,24,0,-24,24,0,0,0,24,36,12,18
131,419,k,2,24,24,0,-24,24,0,0,0,24,24,0,12
131,419,k,2,24,24,0,-24,24,0,0,0,24,36,12,12
131,422,k,2,24,24,0,-24,24,0,0,0,24,12,12,18
131,422,k,2,24,24,0,-24,24,0,0,0,24,24,0,18
132,230,t,2,24,0,0,0,24,0,0,0,24,0,0,0
132,310,t,2,24,24,0,-24,24,0,0,0,24,0,0,0
132,358,t,2,24,0,0,0,24,0,0,0,24,0,0,0
132,370,t,2,24,0,0,0,24,0,0,0,24,0,0,6
132,378,t,2,24,0,0,0,24,0,0,0,24,0,0,0
132,388,t,2,24,0,0,0,24,0,0,0,24,0,0,6
132,393,t,2,24,0,0,0,24,0,0,0,24,0,0,6
132,412,k,2,24,24,0,-24,24,0,0,0,24,0,0,0
132,412,k,2,24,24,0,-24,24,0,0,0,24,12,12,0
132,413,k,3,24,0,0,0,24,0,0,0,72,0,0,0
132,414,k,2,24,24,0,-24,24,0,0,0,24,0,0,6
132,414,k,2,24,24,0,-24,24,0,0,0,24,36,12,6
132,418,k,2,24,24,0,-24,24,0,0,0,24,12,-12,0
132,418,k,2,24,24,0,-24,24,0,0,0,24,24,0,0
132,420,k,2,24,24,0,-24,24,0,0,0,24,12,12,6
132,420,k,2,24,24,0,-24,24,0,0,0,24,24,0,6
133,233,t,2,24,0,0,0,24,0,0,0,24,0,0,6
133,322,t,2,24,24,0,-24,24,0,0,0,24,36,0,0
133,361,t,2,24,0,0,0,24,0,0,0,24,0,0,0
133,370,t,2,24,0,0,0,24,0,0,0,24,12,0,6
133,383,t,2,24,0,0,0,24,0,0,0,24,0,12,0
133,389,t,2,24,0,0,0,24,0,0,0,24,0,0,0
133,394,t,2,24,0,0,0,24,0,0,0,24,0,0,0
133,414,k,3,24,0,0,0,24,0,0,0,72,0,0,0
134,228,t,2,24,0,0,0,24,0,0,0,24,0,0,0
134,316,t,2,24,24,0,-24,24,0,0,0,24,18,18,6
134,361,t,2,24,0,0,0,24,0,0,0,24,0,0,0
134,370,t,2,24,0,0,0,24,0,0,0,24,0,12,0
134,379,t,2,24,0,0,0,24,0,0,0,24,0,0,0
134,388,t,2,24,0,0,0,24,0,0,0,24,0,0,0
134,395,t,2,24,0,0,0,24,0,0,0,24,0,0,0
134,416,k,3,24,0,0,0,24,0,0,0,72,0,0,24
134,426,k,2,24,24,0,-24,24,0,0,0,48,0,0,0
134,426,k,2,24,24,0,-24,24,0,0,0,48,0,0,12
134,426,k,2,24,24,0,-24,24,0,0,0,48,12,-12,12
134,426,k,2,24,24,0,-24,24,0,0,0,48,12,12,0
134,428,k,2,24,24,0,-24,24,0,0,0,48,0,0,0
134,428,k,2,24,24,0,-24,24,0,0,0,48,0,0,12
134,428,k,2,24,24,0,-24,24,0,0,0,48,12,-12,12
134,428,k,2,24,24,0,-24,24,0,0,0,48,12,12,0
135,263,t,2,24,0,0,0,24,0,0,0,24,0,0,0
135,313,t,2,24,24,0,-24,24,0,0,0,24,36,0,0
135,358,t,2,24,0,0,0,24,0,0,0,24,0,0,0
135,371,t,2,24,0,0,0,24,0,0,0,24,12,0,6
135,383,t,2,24,0,0,0,24,0,0,0,24,0,0,0
135,391,t,2,24,0,0,0,24,0,0,0,24,0,0,6
135,394,t,2,24,0,0,0,24,0,0,0,24,0,0,6
135,418,k,3,24,0,0,0,24,0,0,0,72,0,24,24
136,275,t,2,24,0,0,0,24,0,0,0,24,0,0,0
136,310,t,2,24,24,0,-24,24,0,0,0,24,0,0,0
136,358,t,2,24,0,0,0,24,0,0,0,24,0,12,0
136,371,t,2,24,0,0,0,24,0,0,0,24,0,0,0
136,379,t,2,24,0,0,0,24,0,0,0,24,0,0,0
136,390,t,2,24,0,0,0,24,0,0,0,24,12,0,6
136,395,t,2,24,0,0,0,24,0,0,0,24,12,0,6
136,419,k,3,24,0,0,0,24,0,0,0,72,24,24,0
137,278,t,2,24,0,0,0,24,0,0,0,24,0,0,6
137,322,t,2,24,24,0,-24,24,0,0,0,24,0,0,0
137,361,t,2,24,0,0,0,24,0,0,0,24,0,0,0
137,371,t,2,24,0,0,0,24,0,0,0,24,0,0,0
137,382,t,2,24,0,0,0,24,0,0,0,24,0,12,0
137,391,t,2,24,0,0,0,24,0,0,0,24,0,0,0
137,392,t,2,24,0,0,0,24,0,0,0,24,0,0,0
137,420,k,3,24,0,0,0,24,0,0,0,72,0,0,0
138,266,t,2,24,0,0,0,24,0,0,0,24,6,6,6
138,316,t,2,24,24,0,-24,24,0,0,0,24,6,-6,6
138,361,t,2,24,0,0,0,24,0,0,0,24,0,0,0
138,371,t,2,24,0,0,0,24,0,0,0,24,0,0,6
138,378,t,2,24,0,0,0,24,0,0,0,24,0,12,0
138,390,t,2,24,0,0,0,24,0,0,0,24,0,0,0
138,393,t,2,24,0,0,0,24,0,0,0,24,0,0,0
138,422,k,3,24,0,0,0,24,0,0,0,72,0,0,24
139,334,t,2,0,24,24,0,24,-24,-24,0,0,0,0,0
139,337,t,2,24,0,0,0,24,0,0,0,24,0,0,0
139,363,t,2,24,0,0,0,24,0,0,0,24,0,0,0
139,374,t,2,24,0,0,0,24,0,0,0,24,0,0,0
139,384,t,2,24,0,0,0,24,0,0,0,24,0,0,0
139,396,t,2,24,0,0,0,24,0,0,0,24,0,0,0
139,398,t,2,24,0,0,0,24,0,0,0,24,0,0,0
139,400,k,2,24,0,0,0,24,0,0,0,24,24,24,0
139,404,k,2,24,0,0,0,24,0,0,0,24,24,24,0
139,407,k,2,24,0,0,0,24,0,0,0,24,12,12,12
139,408,k,2,24,0,0,0,24,0,0,0,24,0,12,18
139,412,k,2,24,0,0,0,24,0,0,0,24,0,12,0
139,416,k,2,24,0,0,0,24,0,0,0,24,0,24,0
139,419,k,2,24,0,0,0,24,0,0,0,24,12,12,12
139,420,k,2,24,0,0,0,24,0,0,0,24,12,12,12
139,424,k,3,24,0,0,0,24,0,0,0,72,0,0,0
140,334,t,2,0,24,24,0,24,-24,-24,0,0,36,0,0
140,338,t,2,24,0,0,0,24,0,0,0,24,0,0,0
140,363,t,2,24,0,0,0,24,0,0,0,24,0,0,0
140,374,t,2,24,0,0,0,24,0,0,0,24,0,0,6
140,385,t,2,24,0,0,0,24,0,0,0,24,0,0,0
140,397,t,2,24,0,0,0,24,0,0,0,24,0,0,0
140,398,t,2,24,0,0,0,24,0,0,0,24,0,12,18
140,401,k,2,24,0,0,0,24,0,0,0,24,24,24,12
140,402,k,2,24,0,0,0,24,0,0,0,24,24,24,18
140,406,k,2,24,0,0,0,24,0,0,0,24,12,12,0
140,410,k,2,24,0,0,0,24,0,0,0,24,24,12,6
140,413,k,2,24,0,0,0,24,0,0,0,24,0,12,12
140,414,k,2,24,0,0,0,24,0,0,0,24,0,24,12
140,418,k,2,24,0,0,0,24,0,0,0,24,12,24,0
140,422,k,2,24,0,0,0,24,0,0,0,24,12,12,0
140,425,k,3,24,0,0,0,24,0,0,0,72,0,0,24
141,335,t,2,0,24,24,0,24,-24,-24,0,0,0,0,0
141,343,t,2,24,0,0,0,24,0,0,0,24,0,6,3
141,364,t,2,24,0,0,0,24,0,0,0,24,0,0,0
141,375,t,2,24,0,0,0,24,0,0,0,24,0,0,0
141,386,t,2,24,0,0,0,24,0,0,0,24,0,0,0
141,396,t,2,24,0,0,0,24,0,0,0,24,0,0,0
141,399,t,2,24,0,0,0,24,0,0,0,24,0,0,0
141,426,k,3,24,0,0,0,24,0,0,0,72,12,0,6
142,335,t,2,0,24,24,0,24,-24,-24,0,0,36,0,0
142,341,t,2,24,0,0,0,24,0,0,0,24,0,6,3
142,364,t,2,24,0,0,0,24,0,0,0,24,0,0,0
142,375,t,2,24,0,0,0,24,0,0,0,24,0,0,6
142,387,t,2,24,0,0,0,24,0,0,0,24,0,0,0
142,397,t,2,24,0,0,0,24,0,0,0,24,0,0,0
142,399,t,2,24,0,0,0,24,0,0,0,24,0,12,18
142,428,k,3,24,0,0,0,24,0,0,0,72,0,12,6
143,1,t,3,24,0,0,0,24,0,0,0,24,0,0,0
143,430,k,2,24,0,0,0,24,0,0,0,48,0,0,0
143,430,k,3,24,0,0,0,24,0,0,0,72,0,0,0
143,430,k,3,48,-24,0,24,24,0,0,0,24,0,0,0
143,430,k,3,48,-24,0,24,24,0,0,0,24,8,16,0
143,430,k,3,48,-24,0,24,24,0,0,0,24,40,32,0
143,430,k,4,48,0,0,0,48,0,0,0,24,0,0,0
143,431,k,3,24,0,0,0,24,0,0,0,72,0,0,0
143,432,k,3,24,0,0,0,24,0,0,0,72,0,0,0
143,433,k,3,24,-48,0,-24,-24,0,0,0,-72,-32,-16,-48
143,433,k,3,24,-48,0,-24,-24,0,0,0,-72,-16,-32,-48
143,433,k,3,24,-48,0,-24,-24,0,0,0,-72,0,0,0
143,433,k,3,48,-24,0,24,24,0,0,0,72,0,0,0
143,433,k,3,48,-24,0,24,24,0,0,0,72,16,8,0
143,433,k,3,48,-24,0,24,24,0,0,0,72,32,16,0
144,1,t,3,24,0,0,0,24,0,0,0,24,0,0,0
144,431,k,3,48,-24,0,24,24,0,0,0,24,0,0,0
144,431,k,3,48,-24,0,24,24,0,0,0,24,8,16,0
144,431,k,3,48,-24,0,24,24,0,0,0,24,40,32,0
144,431,k,4,48,0,0,0,48,0,0,0,24,0,0,0
144,432,k,2,24,0,0,0,24,0,0,0,48,0,0,0
145,1,t,3,24,0,0,0,24,0,0,0,24,0,0,0
145,431,k,2,24,0,0,0,24,0,0,0,48,0,0,0
145,432,k,3,48,-24,0,24,24,0,0,0,24,0,0,0
145,432,k,3,48,-24,0,24,24,0,0,0,24,8,16,0
145,432,k,3,48,-24,0,24,24,0,0,0,24,40,32,0
145,432,k,4,48,0,0,0,48,0,0,0,24,0,0,0
146,1,t,3,16,-8,-8,8,8,-16,8,8,8,0,0,0
146,430,k,3,0,-24,0,-24,0,0,0,0,-24,-24,-24,0
146,431,k,3,0,-24,0,-24,0,0,0,0,-24,-8,-24,0
146,432,k,3,0,-24,0,-24,0,0,0,0,-24,-8,-8,0
146,433,k,2,24,-24,0,24,0,0,0,0,48,24,24,0
146,433,k,4,-48,48,0,0,48,0,0,0,-24,0,0,0
147,2,t,3,24,0,0,0,24,0,0,0,24,0,0,0
147,430,t,2,24,0,0,0,24,0,0,0,24,0,0,0
147,435,k,2,24,0,0,0,24,0,0,0,48,0,0,0
147,435,k,2,24,0,0,0,24,0,0,0,48,0,0,12
147,435,k,3,24,0,0,0,24,0,0,0,72,0,0,0
147,435,k,3,48,-24,0,24,24,0,0,0,24,0,0,0
147,435,k,4,48,0,0,0,48,0,0,0,24,0,0,0
147,436,k,3,24,-48,0,-24,-24,0,0,0,-72,24,-24,0
147,436,k,3,48,-24,0,24,24,0,0,0,72,0,0,0
148,2,t,3,16,-8,-8,8,8,-16,8,8,8,0,0,0
148,433,t,2,24,0,0,0,24,0,0,0,24,0,0,0
148,435,k,3,0,-24,0,-24,0,0,0,0,-24,-24,-24,0
148,436,k,2,24,-24,0,24,0,0,0,0,48,0,0,0
148,436,k,2,24,-24,0,24,0,0,0,0,48,0,0,12
148,436,k,4,-48,48,0,0,48,0,0,0,-24,48,48,-24
149,9,t,3,24,24,0,0,48,0,0,0,24,0,0,0
149,430,t,2,24,0,0,0,24,0,0,0,24,0,0,0
149,438,k,2,24,0,0,0,24,0,0,0,48,0,0,0
149,438,k,2,24,0,0,0,24,0,0,0,48,0,0,12
149,438,k,3,24,0,0,0,24,0,0,0,72,0,0,0
149,438,k,4,48,0,0,0,48,0,0,0,24,0,0,0
149,439,k,3,48,-24,0,24,24,0,0,0,24,0,0,0
149,439,k,3,48,-24,0,24,24,0,0,0,24,32,40,0
149,439,k,3,48,-24,0,24,24,0,0,0,24,40,32,0
149,440,k,3,24,0,0,0,24,0,0,0,72,0,0,12
149,442,k,3,24,0,0,0,24,0,0,0,72,0,0,24
149,444,k,3,24,24,0,-24,48,0,0,0,72,32,40,72
149,444,k,3,24,24,0,-24,48,0,0,0,72,40,32,72
149,444,k,3,24,24,0,-24,48,0,0,0,72,48,24,72
149,444,k,3,48,-24,0,24,24,0,0,0,72,0,0,0
149,444,k,3,48,-24,0,24,24,0,0,0,72,8,40,60
149,444,k,3,48,-24,0,24,24,0,0,0,72,16,8,12
150,9,t,3,24,-24,0,48,0,0,0,0,24,0,0,0
150,430,t,2,24,0,0,0,24,0,0,0,24,0,0,0
150,438,k,3,48,-24,0,24,24,0,0,0,24,0,0,0
150,439,k,2,24,0,0,0,24,0,0,0,48,0,0,0
150,439,k,2,24,0,0,0,24,0,0,0,48,0,0,12
150,439,k,3,24,0,0,0,24,0,0,0,72,0,0,0
150,439,k,4,48,0,0,0,48,0,0,0,24,0,0,0
150,441,k,3,24,0,0,0,24,0,0,0,72,0,0,0
150,443,k,3,24,0,0,0,24,0,0,0,72,0,0,0
151,9,t,3,24,24,0,0,48,0,0,0,24,0,0,4
151,431,t,2,24,0,0,0,24,0,0,0,24,0,0,0
151,440,k,4,48,0,0,0,48,0,0,0,24,0,0,0
151,441,k,3,48,-24,0,24,24,0,0,0,24,-8,8,4
151,441,k,3,48,-24,0,24,24,0,0,0,24,0,0,4
151,441,k,3,48,-24,0,24,24,0,0,0,24,32,40,4
151,442,k,2,24,0,0,0,24,0,0,0,48,0,0,0
151,442,k,2,24,0,0,0,24,0,0,0,48,0,0,12
152,9,t,3,24,-24,0,48,0,0,0,0,24,0,0,8
152,431,t,2,24,0,0,0,24,0,0,0,24,0,0,0
152,440,k,3,48,-24,0,24,24,0,0,0,24,0,0,0
152,441,k,4,48,0,0,0,48,0,0,0,24,0,0,0
152,443,k,2,24,0,0,0,24,0,0,0,48,0,0,0
152,443,k,2,24,0,0,0,24,0,0,0,48,0,0,12
153,9,t,3,24,24,0,0,48,0,0,0,24,0,0,8
153,432,t,2,24,0,0,0,24,0,0,0,24,0,0,0
153,440,k,2,24,0,0,0,24,0,0,0,48,0,0,0
153,440,k,2,24,0,0,0,24,0,0,0,48,0,0,12
153,442,k,4,48,0,0,0,48,0,0,0,24,0,0,0
153,443,k,3,48,-24,0,24,24,0,0,0,24,-8,8,8
153,443,k,3,48,-24,0,24,24,0,0,0,24,0,0,8
153,443,k,3,48,-24,0,24,24,0,0,0,24,32,40,8
154,9,t,3,24,-24,0,48,0,0,0,0,24,0,0,4
154,432,t,2,24,0,0,0,24,0,0,0,24,0,0,0
154,441,k,2,24,0,0,0,24,0,0,0,48,0,0,0
154,441,k,2,24,0,0,0,24,0,0,0,48,0,0,12
154,442,k,3,48,-24,0,24,24,0,0,0,24,0,0,0
154,443,k,4,48,0,0,0,48,0,0,0,24,0,0,0
155,9,t,3,8,-24,-8,16,0,-16,16,0,8,-8,-16,8
155,433,t,2,24,0,0,0,24,0,0,0,24,0,0,0
155,439,k,3,0,24,0,-24,24,0,0,0,24,0,0,0
155,441,k,3,0,24,0,-24,24,0,0,0,24,8,8,8
155,443,k,3,0,24,0,-24,24,0,0,0,24,16,16,16
155,444,k,2,24,-24,0,24,0,0,0,0,48,24,24,0
155,444,k,2,24,-24,0,24,0,0,0,0,48,24,24,12
155,444,k,4,48,-48,0,48,0,0,0,0,24,0,0,0
156,30,t,3,24,-24,0,48,0,0,0,0,24,0,0,0
156,430,t,2,24,0,0,0,24,0,0,0,24,0,0,0
156,446,k,2,24,0,0,0,24,0,0,0,48,0,0,0
156,446,k,3,24,0,0,0,24,0,0,0,72,0,0,0
156,446,k,4,48,0,0,0,48,0,0,0,24,0,0,0
156,447,k,3,48,-24,0,24,24,0,0,0,24,0,0,0
156,447,k,3,48,-24,0,24,24,0,0,0,24,32,40,0
156,447,k,3,48,-24,0,24,24,0,0,0,24,40,32,0
156,448,k,2,24,0,0,0,24,0,0,0,48,0,0,0
157,30,t,3,24,-24,0,24,24,0,0,0,24,0,0,0
157,430,t,2,24,0,0,0,24,0,0,0,24,0,0,0
157,446,k,3,48,-24,0,24,24,0,0,0,24,0,0,0
157,447,k,2,24,0,0,0,24,0,0,0,48,0,0,0
157,447,k,3,24,0,0,0,24,0,0,0,72,0,0,0
157,447,k,4,48,0,0,0,48,0,0,0,24,0,0,0
157,449,k,2,24,0,0,0,24,0,0,0,48,0,0,0
157,450,k,3,24,-48,0,-24,-24,0,0,0,-72,24,-24,0
157,450,k,3,48,-24,0,24,24,0,0,0,72,0,0,0
158,39,t,3,24,-24,0,48,0,0,0,0,24,0,0,0
158,430,t,2,24,0,0,0,24,0,0,0,24,0,0,0
158,448,k,3,24,0,0,0,24,0,0,0,72,0,0,0
158,448,k,4,48,0,0,0,48,0,0,0,24,0,0,0
158,449,k,3,48,-24,0,24,24,0,0,0,24,0,0,0
158,449,k,3,48,-24,0,24,24,0,0,0,24,32,40,0
158,449,k,3,48,-24,0,24,24,0,0,0,24,40,32,0
159,39,t,3,24,-24,0,24,24,0,0,0,24,0,0,0
159,430,t,2,24,0,0,0,24,0,0,0,24,0,0,0
159,448,k,3,48,-24,0,24,24,0,0,0,24,0,0,0
159,449,k,3,24,0,0,0,24,0,0,0,72,0,0,0
159,449,k,4,48,0,0,0,48,0,0,0,24,0,0,0
159,452,k,3,24,-48,0,-24,-24,0,0,0,-72,24,-24,0
159,452,k,3,48,-24,0,24,24,0,0,0,72,0,0,0
160,30,t,3,8,-24,-8,16,0,-16,16,0,8,0,0,0
160,433,t,2,24,0,0,0,24,0,0,0,24,0,0,0
160,446,k,3,0,-24,0,-24,0,0,0,0,-24,-24,-24,0
160,450,k,2,24,-24,0,24,0,0,0,0,48,24,24,0
160,450,k,4,-48,48,0,0,48,0,0,0,-24,0,0,0
160,452,k,2,24,-24,0,24,0,0,0,0,48,24,24,0
161,39,t,3,8,-24,-8,16,0,-16,16,0,8,0,12,12
161,433,t,2,24,0,0,0,24,0,0,0,24,0,0,0
161,448,k,3,0,-24,0,-24,0,0,0,0,-24,-24,-24,0
161,452,k,4,-48,48,0,0,48,0,0,0,-24,0,0,0
162,63,t,3,0,-48,0,24,-24,0,0,0,24,0,0,0
162,435,t,2,24,0,0,0,24,0,0,0,24,0,0,0
162,438,t,2,24,0,0,0,24,0,0,0,24,0,0,0
162,447,t,2,24,0,0,0,24,0,0,0,24,0,0,0
162,454,k,2,24,0,0,0,24,0,0,0,48,0,0,0
162,454,k,2,24,0,0,0,24,0,0,0,48,0,0,12
162,454,k,3,24,0,0,0,24,0,0,0,72,0,0,0
162,454,k,4,48,0,0,0,48,0,0,0,24,0,0,0
162,455,k,2,24,0,0,0,24,0,0,0,48,0,0,0
162,455,k,2,24,0,0,0,24,0,0,0,48,0,0,12
162,456,k,3,48,-24,0,24,24,0,0,0,24,-24,24,0
162,458,k,3,24,24,0,-24,48,0,0,0,72,48,24,72
162,458,k,3,48,-24,0,24,24,0,0,0,72,0,0,0
163,90,t,3,0,-48,0,24,-24,0,0,0,24,0,0,0
163,435,t,2,24,0,0,0,24,0,0,0,24,0,0,0
163,438,t,2,24,0,0,0,24,0,0,0,24,0,0,6
163,449,t,2,24,0,0,0,24,0,0,0,24,0,0,0
163,455,k,3,24,0,0,0,24,0,0,0,72,0,0,0
163,455,k,4,48,0,0,0,48,0,0,0,24,0,0,0
163,457,k,3,48,-24,0,24,24,0,0,0,24,-24,24,0
163,460,k,3,24,24,0,-24,48,0,0,0,72,48,24,36
163,460,k,3,48,-24,0,24,24,0,0,0,72,0,0,0
164,63,t,3,24,-24,0,48,0,0,0,0,24,0,0,0
164,435,t,2,24,0,0,0,24,0,0,0,24,0,0,0
164,439,t,2,24,0,0,0,24,0,0,0,24,0,0,0
164,446,t,2,24,0,0,0,24,0,0,0,24,0,0,0
164,454,k,3,48,-24,0,24,24,0,0,0,24,-24,24,0
164,456,k,2,24,0,0,0,24,0,0,0,48,0,0,0
164,456,k,2,24,0,0,0,24,0,0,0,48,0,0,12
164,456,k,3,24,0,0,0,24,0,0,0,72,0,0,0
164,456,k,4,48,0,0,0,48,0,0,0,24,0,0,0
164,457,k,2,24,0,0,0,24,0,0,0,48,0,0,0
164,457,k,2,24,0,0,0,24,0,0,0,48,0,0,12
165,90,t,3,24,-24,0,48,0,0,0,0,24,0,0,0
165,435,t,2,24,0,0,0,24,0,0,0,24,0,0,0
165,439,t,2,24,0,0,0,24,0,0,0,24,0,0,6
165,448,t,2,24,0,0,0,24,0,0,0,24,0,0,0
165,455,k,3,48,-24,0,24,24,0,0,0,24,-24,24,0
165,457,k,3,24,0,0,0,24,0,0,0,72,0,0,24
165,457,k,4,48,0,0,0,48,0,0,0,24,0,0,0
166,63,t,3,8,-24,-8,16,0,-16,16,0,8,-8,-16,8
166,436,t,2,24,0,0,0,24,0,0,0,24,0,0,0
166,444,t,2,24,0,0,0,24,0,0,0,24,0,0,0
166,450,t,2,24,0,0,0,24,0,0,0,24,0,0,0
166,456,k,3,0,24,0,-24,24,0,0,0,24,0,0,0
166,458,k,2,24,-24,0,24,0,0,0,0,48,0,0,12
166,458,k,2,24,-24,0,24,0,0,0,0,48,0,24,48
166,458,k,4,48,-48,0,48,0,0,0,0,24,0,48,0
166,460,k,2,24,-24,0,24,0,0,0,0,48,0,24,12
166,460,k,2,24,-24,0,24,0,0,0,0,48,0,24,48
167,90,t,3,8,-24,-8,16,0,-16,16,0,8,0,12,12
167,436,t,2,24,0,0,0,24,0,0,0,24,0,0,0
167,444,t,2,24,0,0,0,24,0,0,0,24,24,24,6
167,452,t,2,24,0,0,0,24,0,0,0,24,0,0,0
167,457,k,3,0,24,0,-24,24,0,0,0,24,0,0,12
167,460,k,4,48,-48,0,48,0,0,0,0,24,0,48,12
168,3,t,3,24,0,0,0,0,24,0,-24,0,0,0,0
168,430,t,2,24,0,0,0,24,0,0,0,24,0,0,0
168,462,k,2,24,0,0,0,24,0,0,0,48,0,0,0
168,462,k,3,24,0,0,0,24,0,0,0,72,0,0,0
168,462,k,3,48,-24,0,24,24,0,0,0,24,0,0,0
168,462,k,4,48,0,0,0,48,0,0,0,24,0,0,0
168,465,k,3,24,0,0,0,24,0,0,0,72,0,0,0
168,466,k,3,24,0,0,0,24,0,0,0,72,0,0,0
168,467,k,2,24,0,0,0,24,0,0,0,48,0,0,0
169,6,t,3,24,0,0,0,0,24,0,-24,0,0,0,0
169,431,t,2,24,0,0,0,24,0,0,0,24,0,0,0
169,463,k,3,48,-24,0,24,24,0,0,0,24,24,48,0
169,463,k,4,48,0,0,0,48,0,0,0,24,0,0,0
170,6,t,3,24,0,0,0,0,24,0,-24,0,0,0,0
170,432,t,2,24,0,0,0,24,0,0,0,24,0,0,0
170,464,k,3,48,-24,0,24,24,0,0,0,24,0,0,0
170,464,k,4,48,0,0,0,48,0,0,0,24,0,0,0
171,3,t,3,24,0,0,0,0,24,0,-24,0,0,0,0
171,432,t,2,24,0,0,0,24,0,0,0,24,0,0,0
171,463,k,2,24,0,0,0,24,0,0,0,48,0,0,0
171,465,k,3,48,-24,0,24,24,0,0,0,24,0,0,0
171,465,k,4,48,0,0,0,48,0,0,0,24,0,0,0
171,466,k,2,24,0,0,0,24,0,0,0,48,0,0,0
172,3,t,3,24,0,0,0,0,24,0,-24,0,0,0,0
172,431,t,2,24,0,0,0,24,0,0,0,24,0,0,0
172,464,k,2,24,0,0,0,24,0,0,0,48,0,0,0
172,465,k,2,24,0,0,0,24,0,0,0,48,0,0,0
172,466,k,3,48,-24,0,24,24,0,0,0,24,0,0,0
172,466,k,4,48,0,0,0,48,0,0,0,24,0,0,0
173,6,t,3,24,0,0,0,0,24,0,-24,0,0,0,0
173,430,t,2,24,0,0,0,24,0,0,0,24,0,0,0
173,463,k,3,24,0,0,0,24,0,0,0,72,0,0,0
173,464,k,3,24,0,0,0,24,0,0,0,72,0,0,0
173,467,k,3,24,0,0,0,24,0,0,0,72,0,0,0
173,467,k,3,48,-24,0,24,24,0,0,0,24,0,0,0
173,467,k,4,48,0,0,0,48,0,0,0,24,0,0,0
174,18,t,3,24,0,0,0,0,24,0,-24,0,0,0,0
174,430,t,2,24,0,0,0,24,0,0,0,24,0,0,0
174,468,k,2,24,0,0,0,24,0,0,0,48,24,0,0
174,468,k,2,24,0,0,0,24,0,0,0,48,24,0,12
174,468,k,3,24,0,0,0,24,0,0,0,72,0,0,0
174,468,k,3,48,-24,0,24,24,0,0,0,24,0,0,0
174,468,k,3,48,-24,0,24,24,0,0,0,24,8,16,0
174,468,k,3,48,-24,0,24,24,0,0,0,24,16,8,0
174,468,k,4,48,0,0,0,48,0,0,0,24,48,0,0
175,57,t,3,24,0,0,0,0,24,0,-24,0,0,0,0
175,435,t,2,24,0,0,0,24,0,0,0,24,0,0,0
175,462,t,2,24,0,0,0,24,0,0,0,24,0,0,0
175,468,t,2,24,0,0,0,24,0,0,0,24,0,0,0
175,469,k,2,24,0,0,0,24,0,0,0,48,0,0,0
175,469,k,2,24,0,0,0,24,0,0,0,48,0,0,12
175,469,k,3,24,0,0,0,24,0,0,0,72,0,0,0
175,469,k,3,48,-24,0,24,24,0,0,0,24,0,0,0
175,469,k,4,48,0,0,0,48,0,0,0,24,0,0,0
175,470,k,2,24,0,0,0,24,0,0,0,48,0,0,0
175,470,k,2,24,0,0,0,24,0,0,0,48,0,0,12
176,60,t,3,24,0,0,0,0,24,0,-24,0,0,0,0
176,435,t,2,24,0,0,0,24,0,0,0,24,0,0,0
176,467,t,2,24,0,0,0,24,0,0,0,24,0,0,0
176,468,t,2,24,0,0,0,24,0,0,0,24,0,0,6
176,470,k,3,24,0,0,0,24,0,0,0,72,0,0,0
176,470,k,3,48,-24,0,24,24,0,0,0,24,0,0,0
176,470,k,4,48,0,0,0,48,0,0,0,24,0,0,0
177,119,t,3,0,48,0,-24,24,0,0,0,24,48,24,0
177,438,t,2,24,0,0,0,24,0,0,0,24,0,0,0
177,439,t,2,24,0,0,0,24,0,0,0,24,0,0,0
177,462,t,2,24,0,0,0,24,0,0,0,24,0,0,0
177,471,k,2,24,0,0,0,24,0,0,0,48,0,0,0
177,471,k,2,24,0,0,0,24,0,0,0,48,0,0,12
177,471,k,3,24,0,0,0,24,0,0,0,72,0,0,0
177,471,k,3,48,-24,0,24,24,0,0,0,24,0,0,0
177,471,k,4,48,0,0,0,48,0,0,0,24,0,0,0
177,474,k,3,24,0,0,0,24,0,0,0,72,0,0,12
177,475,k,3,24,0,0,0,24,0,0,0,72,0,0,24
177,476,k,2,24,0,0,0,24,0,0,0,48,0,0,0
177,476,k,2,24,0,0,0,24,0,0,0,48,0,0,12
178,116,t,3,0,48,0,-24,24,0,0,0,24,48,24,8
178,440,t,2,24,0,0,0,24,0,0,0,24,0,0,2
178,441,t,2,24,0,0,0,24,0,0,0,24,0,0,4
178,463,t,2,24,0,0,0,24,0,0,0,24,0,0,0
178,472,k,3,48,-24,0,24,24,0,0,0,24,0,0,2
178,472,k,4,48,0,0,0,48,0,0,0,24,0,0,0
179,116,t,3,0,48,0,-24,24,0,0,0,24,48,24,4
179,442,t,2,24,0,0,0,24,0,0,0,24,0,0,10
179,443,t,2,24,0,0,0,24,0,0,0,24,0,0,8
179,464,t,2,24,0,0,0,24,0,0,0,24,0,0,0
179,473,k,3,48,-24,0,24,24,0,0,0,24,24,48,10
179,473,k,4,48,0,0,0,48,0,0,0,24,0,0,0
180,119,t,3,0,48,0,-24,24,0,0,0,24,48,24,16
180,442,t,2,24,0,0,0,24,0,0,0,24,0,0,4
180,443,t,2,24,0,0,0,24,0,0,0,24,0,0,8
180,465,t,2,24,0,0,0,24,0,0,0,24,0,0,0
180,472,k,2,24,0,0,0,24,0,0,0,48,0,0,0
180,472,k,2,24,0,0,0,24,0,0,0,48,0,0,12
180,474,k,3,48,-24,0,24,24,0,0,0,24,0,0,4
180,474,k,4,48,0,0,0,48,0,0,0,24,0,0,0
180,475,k,2,24,0,0,0,24,0,0,0,48,0,0,0
180,475,k,2,24,0,0,0,24,0,0,0,48,0,0,12
181,119,t,3,0,48,0,-24,24,0,0,0,24,48,24,20
181,440,t,2,24,0,0,0,24,0,0,0,24,0,0,8
181,441,t,2,24,0,0,0,24,0,0,0,24,0,0,4
181,466,t,2,24,0,0,0,24,0,0,0,24,0,0,0
181,473,k,2,24,0,0,0,24,0,0,0,48,0,0,0
181,473,k,2,24,0,0,0,24,0,0,0,48,0,0,12
181,474,k,2,24,0,0,0,24,0,0,0,48,0,0,0
181,474,k,2,24,0,0,0,24,0,0,0,48,0,0,12
181,475,k,3,48,-24,0,24,24,0,0,0,24,0,0,8
181,475,k,4,48,0,0,0,48,0,0,0,24,0,0,0
182,116,t,3,0,48,0,-24,24,0,0,0,24,48,24,12
182,438,t,2,24,0,0,0,24,0,0,0,24,0,0,6
182,439,t,2,24,0,0,0,24,0,0,0,24,0,0,0
182,467,t,2,24,0,0,0,24,0,0,0,24,0,0,0
182,472,k,3,24,0,0,0,24,0,0,0,72,24,0,24
182,473,k,3,24,0,0,0,24,0,0,0,72,0,0,12
182,476,k,3,24,0,0,0,24,0,0,0,72,0,0,0
182,476,k,3,48,-24,0,24,24,0,0,0,24,0,0,6
182,476,k,4,48,0,0,0,48,0,0,0,24,0,0,0
183,173,t,3,24,24,0,24,-24,0,0,0,-24,0,0,0
183,446,t,2,24,0,0,0,24,0,0,0,24,0,0,0
183,447,t,2,24,0,0,0,24,0,0,0,24,0,0,0
183,462,t,2,24,0,0,0,24,0,0,0,24,0,0,0
183,477,k,2,24,0,0,0,24,0,0,0,48,0,0,0
183,477,k,3,24,0,0,0,24,0,0,0,72,0,0,0
183,477,k,3,48,-24,0,24,24,0,0,0,24,0,0,0
183,477,k,4,48,0,0,0,48,0,0,0,24,0,0,0
183,478,k,2,24,0,0,0,24,0,0,0,48,0,0,0
183,479,k,2,24,0,0,0,24,0,0,0,48,0,0,0
183,480,k,2,24,0,0,0,24,0,0,0,48,0,0,0
184,182,t,3,24,24,0,24,-24,0,0,0,-24,0,0,0
184,448,t,2,24,0,0,0,24,0,0,0,24,0,0,0
184,449,t,2,24,0,0,0,24,0,0,0,24,0,0,0
184,462,t,2,24,0,0,0,24,0,0,0,24,0,0,0
184,478,k,3,24,0,0,0,24,0,0,0,72,0,0,0
184,478,k,3,48,-24,0,24,24,0,0,0,24,0,0,0
184,478,k,4,48,0,0,0,48,0,0,0,24,0,0,0
185,176,t,3,24,24,0,-24,24,0,0,0,24,0,0,0
185,447,t,2,24,0,0,0,24,0,0,0,24,0,0,0
185,448,t,2,24,0,0,0,24,0,0,0,24,0,0,0
185,467,t,2,24,0,0,0,24,0,0,0,24,0,0,0
185,479,k,3,24,0,0,0,24,0,0,0,72,0,0,0
185,479,k,4,48,0,0,0,48,0,0,0,24,0,0,0
185,480,k,3,48,-24,0,24,24,0,0,0,24,0,0,0
186,176,t,3,24,24,0,24,-24,0,0,0,-24,0,0,0
186,446,t,2,24,0,0,0,24,0,0,0,24,0,0,0
186,449,t,2,24,0,0,0,24,0,0,0,24,0,0,0
186,467,t,2,24,0,0,0,24,0,0,0,24,0,0,0
186,479,k,3,48,-24,0,24,24,0,0,0,24,0,0,0
186,480,k,3,24,0,0,0,24,0,0,0,72,0,0,0
186,480,k,4,48,0,0,0,48,0,0,0,24,0,0,0
187,185,t,3,0,24,24,0,24,-24,-24,0,0,0,0,0
187,438,t,2,24,0,0,0,24,0,0,0,24,0,0,0
187,446,t,2,24,0,0,0,24,0,0,0,24,0,0,0
187,468,t,2,24,0,0,0,24,0,0,0,24,0,24,0
187,481,k,2,24,0,0,0,24,0,0,0,48,0,24,0
187,481,k,2,24,0,0,0,24,0,0,0,48,0,24,12
187,481,k,3,24,0,0,0,24,0,0,0,72,0,24,0
187,481,k,4,48,0,0,0,48,0,0,0,24,0,48,0
187,482,k,2,24,0,0,0,24,0,0,0,48,0,24,0
187,482,k,2,24,0,0,0,24,0,0,0,48,0,24,12
187,483,k,3,48,-24,0,24,24,0,0,0,24,-16,16,24
187,483,k,3,48,-24,0,24,24,0,0,0,24,-8,8,24
187,483,k,3,48,-24,0,24,24,0,0,0,24,0,0,24
188,197,t,3,0,24,24,0,24,-24,-24,0,0,0,0,0
188,438,t,2,24,0,0,0,24,0,0,0,24,0,0,0
188,448,t,2,24,0,0,0,24,0,0,0,24,0,0,0
188,468,t,2,24,0,0,0,24,0,0,0,24,0,24,6
188,482,k,3,24,0,0,0,24,0,0,0,72,0,24,24
188,482,k,4,48,0,0,0,48,0,0,0,24,0,48,0
188,484,k,3,48,-24,0,24,24,0,0,0,24,-24,24,0
188,484,k,3,48,-24,0,24,24,0,0,0,24,-16,16,0
188,484,k,3,48,-24,0,24,24,0,0,0,24,-8,8,0
189,185,t,3,0,24,24,0,48,0,-24,0,0,0,0,0
189,439,t,2,24,0,0,0,24,0,0,0,24,0,0,0
189,447,t,2,24,0,0,0,24,0,0,0,24,0,0,0
189,468,t,2,24,0,0,0,24,0,0,0,24,0,24,0
189,481,k,3,48,-24,0,24,24,0,0,0,24,0,0,24
189,483,k,2,24,0,0,0,24,0,0,0,48,0,24,0
189,483,k,2,24,0,0,0,24,0,0,0,48,0,24,12
189,483,k,3,24,0,0,0,24,0,0,0,72,0,24,0
189,483,k,4,48,0,0,0,48,0,0,0,24,0,48,0
189,484,k,2,24,0,0,0,24,0,0,0,48,0,24,0
189,484,k,2,24,0,0,0,24,0,0,0,48,0,24,12
190,197,t,3,0,24,24,0,48,0,-24,0,0,0,0,0
190,439,t,2,24,0,0,0,24,0,0,0,24,0,0,0
190,449,t,2,24,0,0,0,24,0,0,0,24,0,0,0
190,468,t,2,24,0,0,0,24,0,0,0,24,0,24,6
190,482,k,3,48,-24,0,24,24,0,0,0,24,-24,24,0
190,484,k,3,24,0,0,0,24,0,0,0,72,0,24,0
190,484,k,4,48,0,0,0,48,0,0,0,24,0,48,0
191,310,t,3,0,48,0,-24,24,0,0,0,24,0,0,0
191,454,t,2,24,0,0,0,24,0,0,0,24,0,0,0
191,456,t,2,24,0,0,0,24,0,0,0,24,0,0,0
191,469,t,2,24,0,0,0,24,0,0,0,24,0,0,0
191,471,t,2,24,0,0,0,24,0,0,0,24,0,0,0
191,477,t,2,24,0,0,0,24,0,0,0,24,0,0,0
191,481,t,2,24,0,0,0,24,0,0,0,24,0,0,0
191,483,t,2,24,0,0,0,24,0,0,0,24,0,0,0
191,485,k,2,24,0,0,0,24,0,0,0,48,0,0,0
191,485,k,2,24,0,0,0,24,0,0,0,48,0,0,12
191,485,k,3,24,0,0,0,24,0,0,0,72,0,0,0
191,485,k,3,48,-24,0,24,24,0,0,0,24,0,0,0
191,485,k,4,48,0,0,0,48,0,0,0,24,0,0,0
191,486,k,2,24,0,0,0,24,0,0,0,48,0,0,0
191,486,k,2,24,0,0,0,24,0,0,0,48,0,0,12
191,487,k,2,24,0,0,0,24,0,0,0,48,0,0,0
191,487,k,2,24,0,0,0,24,0,0,0,48,0,0,12
191,488,k,2,24,0,0,0,24,0,0,0,48,0,0,0
191,488,k,2,24,0,0,0,24,0,0,0,48,0,0,12
192,313,t,3,0,48,0,-24,24,0,0,0,24,0,-24,12
192,455,t,2,24,0,0,0,24,0,0,0,24,0,0,0
192,457,t,2,24,0,0,0,24,0,0,0,24,0,0,0
192,469,t,2,24,0,0,0,24,0,0,0,24,0,0,0
192,471,t,2,24,0,0,0,24,0,0,0,24,0,0,6
192,478,t,2,24,0,0,0,24,0,0,0,24,0,0,0
192,482,t,2,24,0,0,0,24,0,0,0,24,0,0,6
192,484,t,2,24,0,0,0,24,0,0,0,24,0,0,6
192,486,k,3,24,0,0,0,24,0,0,0,72,0,0,24
192,486,k,3,48,-24,0,24,24,0,0,0,24,0,0,0
192,486,k,4,48,0,0,0,48,0,0,0,24,0,0,0
193,298,t,3,48,0,0,24,24,0,0,0,24,0,0,0
193,454,t,2,24,0,0,0,24,0,0,0,24,0,0,0
193,457,t,2,24,0,0,0,24,0,0,0,24,0,0,0
193,470,t,2,24,0,0,0,24,0,0,0,24,0,0,0
193,476,t,2,24,0,0,0,24,0,0,0,24,0,0,6
193,479,t,2,24,0,0,0,24,0,0,0,24,0,0,0
193,482,t,2,24,0,0,0,24,0,0,0,24,0,0,0
193,483,t,2,24,0,0,0,24,0,0,0,24,0,0,6
193,487,k,3,24,0,0,0,24,0,0,0,72,0,0,24
193,487,k,4,48,0,0,0,48,0,0,0,24,0,0,0
193,488,k,3,48,-24,0,24,24,0,0,0,24,0,0,0
194,298,t,3,0,48,0,-24,24,0,0,0,24,0,0,12
194,455,t,2,24,0,0,0,24,0,0,0,24,0,0,0
194,456,t,2,24,0,0,0,24,0,0,0,24,0,0,0
194,470,t,2,24,0,0,0,24,0,0,0,24,0,0,0
194,476,t,2,24,0,0,0,24,0,0,0,24,0,0,0
194,480,t,2,24,0,0,0,24,0,0,0,24,0,0,0
194,481,t,2,24,0,0,0,24,0,0,0,24,0,0,6
194,484,t,2,24,0,0,0,24,0,0,0,24,0,0,0
194,487,k,3,48,-24,0,24,24,0,0,0,24,0,0,0
194,488,k,3,24,0,0,0,24,0,0,0,72,0,0,0
194,488,k,4,48,0,0,0,48,0,0,0,24,0,0,0
195,108,t,3,24,0,0,0,24,0,0,0,24,0,0,24
195,433,t,4,24,0,24,-24,24,24,0,-24,24,0,0,0
195,490,k,2,-48,0,0,0,0,48,0,48,0,0,48,48
195,491,k,4,0,-48,0,-48,0,0,0,0,-48,-48,0,-48
195,491,k,4,0,-48,0,-48,0,0,0,0,-48,-36,-36,-36
195,493,k,4,0,-48,0,-48,0,0,0,0,-48,-48,0,-48
195,493,k,4,0,-48,0,-48,0,0,0,0,-48,-36,-36,-36
196,122,t,3,24,0,0,0,24,0,0,0,24,0,0,0
196,433,t,4,12,0,-24,0,-12,-24,-12,12,-24,0,0,0
196,489,k,4,24,0,0,0,24,0,0,0,24,0,0,0
196,489,k,4,24,0,0,0,24,0,0,0,24,6,6,6
196,492,k,4,24,0,0,0,24,0,0,0,24,0,0,0
196,492,k,4,24,0,0,0,24,0,0,0,24,6,6,6
197,123,t,3,24,0,0,0,24,0,0,0,24,0,0,0
197,433,t,4,24,-24,12,0,24,12,-24,0,12,0,0,0
197,489,k,2,24,0,0,0,24,0,0,0,24,0,0,0
198,115,t,3,24,0,0,0,24,0,0,0,24,0,0,24
198,433,t,4,24,0,24,-24,24,24,0,-24,24,0,0,0
199,124,t,3,24,0,0,0,24,0,0,0,24,0,24,24
199,433,t,4,24,-24,12,0,24,12,-24,0,12,0,0,0
199,492,k,2,24,0,0,0,24,0,0,0,24,12,12,12
200,227,t,3,24,0,0,0,24,0,0,0,24,0,0,0
200,436,t,4,24,0,24,-24,24,24,0,-24,24,0,0,0
200,489,t,2,24,0,0,0,24,0,0,0,24,0,0,0
200,497,k,2,-48,0,0,0,0,48,0,48,0,-12,12,12
200,497,k,2,-48,0,0,0,0,48,0,48,0,0,0,0
200,500,k,4,0,-48,0,-48,0,0,0,0,-48,-36,-36,-36
200,500,k,4,0,-48,0,-48,0,0,0,0,-48,0,-48,0
200,502,k,4,0,-48,0,-48,0,0,0,0,-48,-36,-36,-36
200,502,k,4,0,-48,0,-48,0,0,0,0,-48,0,-48,0
201,228,t,3,24,0,0,0,24,0,0,0,24,0,0,0
201,436,t,4,24,0,24,-24,24,24,0,-24,24,6,6,6
201,489,t,2,24,0,0,0,24,0,0,0,24,0,0,0
201,498,k,2,-48,0,0,0,0,48,0,48,0,-12,12,12
201,498,k,2,-48,0,0,0,0,48,0,48,0,0,0,0
202,334,t,3,24,0,0,0,24,0,0,0,24,0,0,0
202,436,t,4,12,0,-24,0,-12,-24,-12,12,-24,0,0,0
202,490,t,2,24,0,0,0,24,0,0,0,24,0,0,0
202,494,k,4,24,0,0,0,24,0,0,0,24,0,0,0
202,495,k,4,24,0,0,0,24,0,0,0,24,6,6,6
202,501,k,4,0,24,0,24,0,0,0,0,-24,0,12,-12
202,501,k,4,24,0,0,0,24,0,0,0,24,0,0,0
203,335,t,3,24,0,0,0,24,0,0,0,24,0,0,0
203,436,t,4,12,0,-24,0,-12,-24,-12,12,-24,-9,-9,-9
203,490,t,2,24,0,0,0,24,0,0,0,24,0,0,0
204,337,t,3,24,0,0,0,24,0,0,0,24,0,0,0
204,436,t,4,24,-24,12,0,24,12,-24,0,12,0,0,0
204,491,t,2,24,0,0,0,24,0,0,0,24,0,0,0
204,494,k,2,24,0,0,0,24,0,0,0,24,24,24,0
204,495,k,2,24,0,0,0,24,0,0,0,24,24,24,0
205,290,t,3,24,0,0,0,24,0,0,0,24,0,0,0
205,436,t,4,24,0,24,-24,24,24,0,-24,24,0,0,0
205,492,t,2,24,0,0,0,24,0,0,0,24,0,0,0
206,341,t,3,24,0,0,0,24,0,0,0,24,24,24,24
206,436,t,4,24,-24,12,0,24,12,-24,0,12,0,0,0
206,493,t,2,24,0,0,0,24,0,0,0,24,0,0,0
206,501,k,2,0,24,0,-24,0,0,0,0,24,6,-18,18
206,501,k,2,24,0,0,0,24,0,0,0,24,12,12,12
207,366,t,3,0,24,0,0,0,24,24,0,0,0,0,0
207,444,t,4,24,-24,-24,24,0,24,0,-24,24,0,0,0
207,489,t,2,24,0,0,0,24,0,0,0,24,0,0,0
207,505,k,2,48,0,0,0,48,0,0,0,48,0,0,48
207,505,k,2,48,0,0,0,48,0,0,0,48,36,12,12
207,507,k,4,48,0,0,0,48,0,0,0,48,0,0,0
207,507,k,4,48,0,0,0,48,0,0,0,48,12,12,36
208,370,t,3,0,24,0,0,0,24,24,0,0,12,0,0
208,444,t,4,24,-24,-24,24,0,24,0,-24,24,-6,6,6
208,489,t,2,24,0,0,0,24,0,0,0,24,0,0,0
208,506,k,2,48,0,0,0,48,0,0,0,48,24,0,0
208,506,k,2,48,0,0,0,48,0,0,0,48,36,36,36
208,510,k,4,48,0,0,0,48,0,0,0,48,0,0,0
208,510,k,4,48,0,0,0,48,0,0,0,48,36,36,12
209,374,t,3,-12,-12,0,0,0,24,-12,12,0,-12,0,12
209,444,t,4,12,0,-24,0,12,24,12,-12,24,0,0,0
209,490,t,2,24,0,0,0,24,0,0,0,24,0,0,0
209,503,k,4,24,0,0,0,24,0,0,0,24,24,0,24
209,504,k,4,24,0,0,0,24,0,0,0,24,6,6,6
210,375,t,3,-12,-12,0,0,0,24,-12,12,0,-6,18,6
210,444,t,4,12,0,-24,0,12,24,12,-12,24,-21,21,21
210,490,t,2,24,0,0,0,24,0,0,0,24,0,0,0
210,508,k,4,24,0,0,0,24,0,0,0,24,24,0,12
210,509,k,4,24,0,0,0,24,0,0,0,24,6,6,18
211,374,t,3,24,0,0,0,0,24,0,-24,0,0,0,0
211,444,t,4,24,0,-12,0,24,12,24,-24,12,0,0,0
211,491,t,2,24,0,0,0,24,0,0,0,24,0,0,0
211,503,k,2,24,0,0,0,24,0,0,0,24,24,24,0
211,504,k,2,24,0,0,0,24,0,0,0,24,0,24,0
212,373,t,3,0,24,0,0,0,24,24,0,0,0,9,6
212,444,t,4,24,-24,-24,24,0,24,0,-24,24,3,21,-15
212,492,t,2,24,0,0,0,24,0,0,0,24,0,0,0
213,369,t,3,0,24,0,0,0,24,24,0,0,0,3,18
213,444,t,4,24,-24,-24,24,0,24,0,-24,24,-27,27,15
213,492,t,2,24,0,0,0,24,0,0,0,24,0,0,0
214,375,t,3,24,0,0,0,0,24,0,-24,0,18,9,0
214,444,t,4,24,0,-12,0,24,12,24,-24,12,9,15,27
214,493,t,2,24,0,0,0,24,0,0,0,24,0,0,0
214,508,k,2,24,0,0,0,24,0,0,0,24,12,12,12
214,509,k,2,24,0,0,0,24,0,0,0,24,12,12,12
215,388,t,3,24,0,0,0,24,0,0,0,24,0,0,0
215,450,t,4,24,0,24,0,24,-24,-24,24,24,0,0,0
215,489,t,2,24,0,0,0,24,0,0,0,24,0,0,0
215,512,k,2,-48,0,0,0,0,48,0,48,0,0,0,0
215,513,k,4,0,-48,0,-48,0,0,0,0,-48,-48,0,-48
215,513,k,4,0,-48,0,-48,0,0,0,0,-48,-36,-36,-36
215,515,k,2,-48,0,0,0,0,48,0,48,0,0,0,0
216,396,t,3,12,-12,0,12,12,0,0,0,24,0,0,0
216,450,t,4,-12,12,-24,0,12,24,12,0,-24,0,0,0
216,490,t,2,24,0,0,0,24,0,0,0,24,0,0,0
216,511,k,4,24,0,0,0,24,0,0,0,24,0,0,0
216,511,k,4,24,0,0,0,24,0,0,0,24,6,6,6
217,398,t,3,24,0,0,0,24,0,0,0,24,0,0,0
217,450,t,4,24,0,-12,24,-24,12,0,-24,-12,0,0,0
217,491,t,2,24,0,0,0,24,0,0,0,24,0,0,0
217,511,k,2,24,0,0,0,24,0,0,0,24,24,24,0
217,514,k,2,24,0,0,0,24,0,0,0,24,24,24,0
218,389,t,3,24,0,0,0,24,0,0,0,24,12,0,6
218,452,t,4,24,0,24,0,24,-24,-24,24,24,0,0,0
218,489,t,2,24,0,0,0,24,0,0,0,24,0,0,0
218,516,k,4,0,-48,0,-48,0,0,0,0,-48,-48,0,-48
218,516,k,4,0,-48,0,-48,0,0,0,0,-48,-36,-36,-36
219,397,t,3,12,-12,0,12,12,0,0,0,24,0,0,6
219,452,t,4,-12,12,-24,0,12,24,12,0,-24,0,0,0
219,490,t,2,24,0,0,0,24,0,0,0,24,0,0,0
219,514,k,4,24,0,0,0,24,0,0,0,24,0,0,12
219,514,k,4,24,0,0,0,24,0,0,0,24,6,6,18
220,399,t,3,24,0,0,0,24,0,0,0,24,0,18,3
220,452,t,4,24,0,-12,24,-24,12,0,-24,-12,6,6,-30
220,493,t,2,24,0,0,0,24,0,0,0,24,0,0,0
221,400,t,3,24,0,0,0,24,0,0,0,24,0,0,0
221,458,t,4,24,0,24,0,24,-24,-24,24,24,24,0,48
221,494,t,2,24,0,0,0,24,0,0,0,24,0,0,0
221,503,t,2,24,0,0,0,24,0,0,0,24,0,0,0
221,511,t,2,24,0,0,0,24,0,0,0,24,0,0,0
221,523,k,2,48,0,0,0,48,0,0,0,48,0,48,48
221,523,k,2,48,0,0,0,48,0,0,0,48,36,12,12
221,524,k,2,48,0,0,0,48,0,0,0,48,12,12,12
221,524,k,2,48,0,0,0,48,0,0,0,48,24,48,48
221,529,k,4,48,0,0,0,48,0,0,0,48,12,12,12
221,529,k,4,48,0,0,0,48,0,0,0,48,48,48,0
222,404,t,3,24,0,0,0,24,0,0,0,24,0,0,0
222,460,t,4,24,0,24,0,24,-24,-24,24,24,6,-6,6
222,495,t,2,24,0,0,0,24,0,0,0,24,0,0,0
222,503,t,2,24,0,0,0,24,0,0,0,24,0,0,0
222,514,t,2,24,0,0,0,24,0,0,0,24,0,0,0
223,412,t,3,24,0,0,0,24,0,0,0,24,24,12,0
223,460,t,4,24,0,24,0,24,-24,-24,24,24,24,0,48
223,494,t,2,24,0,0,0,24,0,0,0,24,0,0,0
223,504,t,2,24,0,0,0,24,0,0,0,24,24,0,24
223,514,t,2,24,0,0,0,24,0,0,0,24,0,0,0
223,530,k,4,48,0,0,0,48,0,0,0,48,0,48,0
223,530,k,4,48,0,0,0,48,0,0,0,48,36,36,36
224,416,t,3,24,0,0,0,24,0,0,0,24,24,24,0
224,458,t,4,24,0,24,0,24,-24,-24,24,24,6,-6,6
224,495,t,2,24,0,0,0,24,0,0,0,24,0,0,0
224,504,t,2,24,0,0,0,24,0,0,0,24,24,0,24
224,511,t,2,24,0,0,0,24,0,0,0,24,0,0,0
224,525,k,2,48,0,0,0,48,0,0,0,48,24,0,0
224,525,k,2,48,0,0,0,48,0,0,0,48,36,36,36
224,527,k,2,48,0,0,0,48,0,0,0,48,24,0,0
224,527,k,2,48,0,0,0,48,0,0,0,48,36,36,36
225,424,t,3,12,-12,0,12,12,0,0,0,24,0,0,0
225,458,t,4,12,-12,24,12,0,-24,0,12,24,0,0,0
225,497,t,2,24,0,0,0,24,0,0,0,24,0,0,0
225,505,t,2,24,0,0,0,24,0,0,0,24,0,0,0
225,512,t,2,24,0,0,0,24,0,0,0,24,0,0,0
225,517,k,4,24,0,0,0,24,0,0,0,24,0,0,0
225,521,k,4,24,0,0,0,24,0,0,0,24,6,6,6
226,425,t,3,12,-12,0,12,12,0,0,0,24,6,6,0
226,460,t,4,12,-12,24,12,0,-24,0,12,24,12,-12,12
226,497,t,2,24,0,0,0,24,0,0,0,24,0,0,0
226,505,t,2,24,0,0,0,24,0,0,0,24,6,6,6
226,515,t,2,24,0,0,0,24,0,0,0,24,0,0,0
226,518,k,4,24,0,0,0,24,0,0,0,24,6,6,18
226,520,k,4,24,0,0,0,24,0,0,0,24,0,24,12
227,426,t,3,12,-12,0,12,12,0,0,0,24,-6,6,18
227,458,t,4,12,-12,24,12,0,-24,0,12,24,21,-21,21
227,498,t,2,24,0,0,0,24,0,0,0,24,0,0,0
227,506,t,2,24,0,0,0,24,0,0,0,24,24,24,24
227,512,t,2,24,0,0,0,24,0,0,0,24,0,0,0
228,428,t,3,12,-12,0,12,12,0,0,0,24,-6,6,0
228,460,t,4,12,-12,24,12,0,-24,0,12,24,3,-3,3
228,498,t,2,24,0,0,0,24,0,0,0,24,6,6,6
228,506,t,2,24,0,0,0,24,0,0,0,24,24,24,24
228,515,t,2,24,0,0,0,24,0,0,0,24,0,0,0
229,424,t,3,24,0,0,0,24,0,0,0,24,0,0,0
229,458,t,4,24,-24,12,24,0,-12,0,24,12,0,0,0
229,500,t,2,24,0,0,0,24,0,0,0,24,0,0,0
229,507,t,2,24,0,0,0,24,0,0,0,24,0,0,0
229,513,t,2,24,0,0,0,24,0,0,0,24,0,0,0
229,517,k,2,24,0,0,0,24,0,0,0,24,0,0,24
229,518,k,2,24,0,0,0,24,0,0,0,24,0,0,24
229,520,k,2,24,0,0,0,24,0,0,0,24,0,0,24
229,521,k,2,24,0,0,0,24,0,0,0,24,0,0,24
230,428,t,3,24,0,0,0,24,0,0,0,24,0,6,21
230,460,t,4,24,-24,12,24,0,-12,0,24,12,24,12,12
230,502,t,2,24,0,0,0,24,0,0,0,24,0,0,0
230,510,t,2,24,0,0,0,24,0,0,0,24,0,0,0
230,516,t,2,24,0,0,0,24,0,0,0,24,0,0,0
